-- =================================================================
-- Création de la base de doonnées 
CREATE DATABASE BDGESPROJET;

-- Utilisation de la base de données
USE BDGESPROJET; 

-- SCRIPT DE CRÉATION DES TABLES POUR LA GESTION DE PROJETS LOGICIELS

-- 1. TABLE CLIENTS
-- Table de dimension pour les informations clients
CREATE TABLE Clients (
    ClientID INT PRIMARY KEY,
    NomClient VARCHAR(255) NOT NULL,
    SecteurActivite VARCHAR(100),
    Ville VARCHAR(100),
    Pays VARCHAR(100),
    DatePremierContrat DATE,
    StatutClient VARCHAR(50),
    CA_Cumule DECIMAL(15, 2) -- Chiffre d'affaires cumulé
);

-- 2. TABLE DÉVELOPPEURS
-- Table de dimension pour les ressources humaines
CREATE TABLE Developpeurs (
    DevID INT PRIMARY KEY,
    NomDev VARCHAR(100) NOT NULL,
    PrenomDev VARCHAR(100) NOT NULL,
    Specialite VARCHAR(50), -- Ex: Frontend, Backend, Fullstack
    Niveau VARCHAR(50),     -- Ex: Junior, Confirmé, Senior
    DateEmbauche DATE,
    TauxHoraire DECIMAL(5, 2), -- Taux horaire de facturation ou coût
    Equipe VARCHAR(50),
    Statut VARCHAR(50)      -- Ex: Actif, Congé
);

-- 3. TABLE PROJETS
-- Table de faits/dimension pour les projets
CREATE TABLE Projets (
    ProjetID INT PRIMARY KEY,
    NomProjet VARCHAR(255) NOT NULL,
    ClientID INT NOT NULL,
    ChefProjetID INT NOT NULL,
    StatutProjet VARCHAR(50), -- Ex: En cours, Terminé, Annulé
    DateDebut DATE,
    DateFinPrevue DATE,
    DateFinReelle DATE,
    BudgetEstime DECIMAL(15, 2),
    BudgetReel DECIMAL(15, 2),
    TechnologiePrincipale VARCHAR(100),
    -- Clés Étrangères
    FOREIGN KEY (ClientID) REFERENCES Clients(ClientID),
    FOREIGN KEY (ChefProjetID) REFERENCES Developpeurs(DevID)
);

-- 4. TABLE TÂCHES
-- Table de faits pour le suivi des tâches
CREATE TABLE Taches (
    TacheID INT PRIMARY KEY,
    ProjetID INT NOT NULL,
    DevID INT NOT NULL,
    DescriptionTache TEXT,
    StatutTache VARCHAR(50), -- Ex: À faire, En cours, Terminée
    Priorite VARCHAR(50),    -- Ex: Haute, Moyenne, Basse
    DateCreation DATE,
    DateEcheance DATE,
    HeuresEstimees DECIMAL(6, 2),
    HeuresReelles DECIMAL(6, 2),

    -- Clés Étrangères
    FOREIGN KEY (ProjetID) REFERENCES Projets(ProjetID),
    FOREIGN KEY (DevID) REFERENCES Developpeurs(DevID)
);
-- Instructions INSERT pour la table Clients
INSERT INTO Clients (ClientID, NomClient, SecteurActivite, Ville, Pays, DatePremierContrat, StatutClient, CA_Cumule) VALUES
(1, 'Bazin', 'Retail', 'Fleury', 'Tunisie', '2023-11-25', 'Prospect', 191540.76),
(2, 'Martins Noël SARL', 'Retail', 'Blot', 'Namibie', '2022-07-28', 'Actif', 262293.13),
(3, 'Godard', 'Technologie', 'Lévêque', 'Andorre', '2025-09-12', 'Prospect', 362463.4),
(4, 'Chevallier', 'Technologie', 'Duvalboeuf', 'Vatican (Etat du)', '2023-02-08', 'Actif', 334031.15),
(5, 'Brun', 'Technologie', 'Sainte JacquesBourg', 'Géorgie', '2021-11-14', 'Actif', 120699.66),
(6, 'Robin', 'Éducation', 'Collin', 'Suède', '2022-09-05', 'Actif', 198788.54),
(7, 'Antoine', 'Gouvernement', 'LaporteVille', 'Mali', '2021-03-31', 'Actif', 37632.84),
(8, 'Normand Perrin S.A.R.L.', 'Éducation', 'Bailly-sur-Alexandre', 'Afrique du sud', '2023-01-19', 'Prospect', 480710.74),
(9, 'Aubry', 'Technologie', 'Chevalier', 'Croatie', '2022-10-12', 'Prospect', 243739.24),
(10, 'Maillot Martineau SARL', 'Retail', 'Sainte ArnaudeBourg', 'Pitcairn (Îles)', '2022-12-02', 'Prospect', 413725.66),
(11, 'Boulanger Barbier S.A.R.L.', 'Gouvernement', 'Lucas', 'Guinée', '2025-01-27', 'Ancien', 471708.24),
(12, 'Gérard Jacquot S.A.S.', 'Gouvernement', 'Da Costa', 'Kirghizistan', '2024-01-22', 'Actif', 337479.53),
(13, 'Noël', 'Santé', 'Charles-sur-Menard', 'Liechtenstein', '2024-08-04', 'Prospect', 266102.36),
(14, 'Chevalier', 'Gouvernement', 'Michel', 'Suède', '2022-11-18', 'Ancien', 139737.5),
(15, 'Ferrand', 'Technologie', 'Garnier', 'Afghanistan', '2024-04-14', 'Ancien', 149922.19),
(16, 'Gérard et Fils', 'Finance', 'MaillardBourg', 'Colombie', '2022-02-13', 'Ancien', 195042.99),
(17, 'Pichon', 'Manufacture', 'Briand-sur-Marin', 'Wallis et Futuna (Îles)', '2025-05-30', 'Prospect', 184698.8),
(18, 'Vasseur Lejeune S.A.S.', 'Éducation', 'Renaud', 'République Dominicaine', '2023-05-03', 'Actif', 378435.88),
(19, 'Bruneau', 'Santé', 'Parent', 'Cook (Îles)', '2024-01-25', 'Prospect', 253291.14),
(20, 'Jean Lebon S.A.R.L.', 'Gouvernement', 'Saint Valérie', 'Laos', '2021-06-03', 'Ancien', 395238.46),
(21, 'Hardy', 'Retail', 'Mathieu', 'Soudan', '2021-07-19', 'Prospect', 29696.83),
(22, 'Gillet', 'Santé', 'Sainte Arnaude', 'Malaisie', '2025-03-03', 'Actif', 147485.37),
(23, 'Grondin', 'Éducation', 'Blondel-sur-Munoz', 'République centrafricaine', '2023-01-25', 'Prospect', 484184.17),
(24, 'Couturier', 'Finance', 'Picard', 'Roumanie', '2024-06-29', 'Ancien', 139286.76),
(25, 'Rivière', 'Retail', 'Mary', 'Svalbard et Jan Mayen (Îles)', '2025-05-01', 'Prospect', 339312.75),
(26, 'Ledoux S.A.R.L.', 'Retail', 'Chevallier', 'Luxembourg', '2025-08-26', 'Prospect', 308052.47),
(27, 'Vincent Dupont S.A.', 'Éducation', 'Besnard-la-Forêt', 'Yemen', '2022-03-01', 'Ancien', 230155.47),
(28, 'Cousin', 'Santé', 'Saint Gabrielnec', 'Corée du Nord', '2024-09-27', 'Ancien', 249579.56),
(29, 'Buisson Toussaint S.A.S.', 'Gouvernement', 'Deschampsnec', 'Chili', '2021-10-26', 'Ancien', 68336.61),
(30, 'Paris', 'Manufacture', 'Besnard-les-Bains', 'Égypte', '2025-02-24', 'Prospect', 19085.07),
(31, 'Jean SA', 'Gouvernement', 'Bonneau', 'Mayotte', '2024-02-21', 'Prospect', 275597.68),
(32, 'Robin', 'Finance', 'Guillaume', 'Cocos (Îles)', '2022-09-25', 'Ancien', 176996.32),
(33, 'Lejeune et Fils', 'Santé', 'Toussaint-sur-Lévy', 'Mozambique', '2025-01-23', 'Ancien', 60858.79),
(34, 'Fernandez Mathieu S.A.', 'Retail', 'Chartier', 'Martinique', '2023-03-13', 'Prospect', 85866.17),
(35, 'Fischer', 'Technologie', 'Mary', 'Japon', '2021-12-29', 'Ancien', 48180.81),
(36, 'Guillet', 'Manufacture', 'Lecoq-la-Forêt', 'Cameroun', '2022-05-09', 'Actif', 188010.44),
(37, 'Jean S.A.R.L.', 'Retail', 'Georgesnec', 'Bolivie', '2025-11-01', 'Ancien', 155655.01),
(38, 'Lebon', 'Technologie', 'Pagesboeuf', 'Maldives (Îles)', '2024-12-28', 'Actif', 265419.67),
(39, 'Picard Roussel SARL', 'Technologie', 'Carre-la-Forêt', 'Angola', '2025-01-23', 'Ancien', 104365.99),
(40, 'De Oliveira', 'Santé', 'Rolland-la-Forêt', 'Roumanie', '2021-09-19', 'Prospect', 230655.0),
(41, 'Hubert', 'Finance', 'Sainte Marianne-les-Bains', 'Seychelles', '2024-02-22', 'Ancien', 39986.88),
(42, 'Pineau Buisson S.A.', 'Finance', 'Laporte', 'Albanie', '2023-09-26', 'Prospect', 219530.87),
(43, 'Mary', 'Retail', 'Langlois', 'Géorgie', '2022-05-27', 'Ancien', 135937.24),
(44, 'Guichard S.A.', 'Technologie', 'Martins-sur-Texier', 'Cuba', '2025-07-22', 'Actif', 157505.69),
(45, 'Chauveau', 'Santé', 'Perrier', 'Bulgarie', '2025-10-01', 'Ancien', 361892.37),
(46, 'Pineau', 'Retail', 'Fleurydan', 'Bouvet (Îles)', '2024-01-04', 'Prospect', 191532.82),
(47, 'Seguin', 'Éducation', 'Jacquet', 'Namibie', '2022-05-20', 'Prospect', 112803.81),
(48, 'Guilbert Poirier SARL', 'Technologie', 'Thomasdan', 'Qatar', '2023-08-28', 'Ancien', 51151.01),
(49, 'Brunel', 'Éducation', 'Philippe', 'Bermudes (Les)', '2021-10-31', 'Actif', 302257.82),
(50, 'Marchal', 'Santé', 'Berthelot', 'Myanmar', '2025-09-29', 'Ancien', 476465.31);

-- Instructions INSERT pour la table Developpeurs
INSERT INTO Developpeurs (DevID, NomDev, PrenomDev, Specialite, Niveau, DateEmbauche, TauxHoraire, Equipe, Statut) VALUES
(1, 'Cordier', 'Mathilde', 'QA', 'Confirmé', '2018-04-25', 82.27, 'Alpha', 'Actif'),
(2, 'Poulain', 'Margot', 'Backend', 'Senior', '2023-07-21', 52.43, 'Alpha', 'Actif'),
(3, 'Lenoir', 'Grégoire', 'Backend', 'Confirmé', '2022-06-21', 69.53, 'Alpha', 'Actif'),
(4, 'Ramos', 'Emmanuel', 'DevOps', 'Confirmé', '2020-02-10', 81.66, 'Beta', 'Actif'),
(5, 'Duhamel', 'Hugues', 'Fullstack', 'Senior', '2022-01-30', 66.68, 'Beta', 'Actif'),
(6, 'Dumont', 'Madeleine', 'Frontend', 'Junior', '2016-12-12', 82.46, 'Alpha', 'Actif'),
(7, 'Maillot', 'Valentine', 'Frontend', 'Senior', '2019-10-27', 47.46, 'Alpha', 'Actif'),
(8, 'Dupuy', 'Nicolas', 'DevOps', 'Junior', '2018-03-18', 40.19, 'Beta', 'Actif'),
(9, 'Robert', 'Étienne', 'Backend', 'Senior', '2019-09-29', 99.04, 'Gamma', 'Actif'),
(10, 'Gros', 'Adèle', 'QA', 'Junior', '2017-10-28', 56.77, 'Alpha', 'Actif'),
(11, 'Dupré', 'Virginie', 'Fullstack', 'Senior', '2022-01-26', 61.95, 'Gamma', 'Actif'),
(12, 'Maury', 'Hugues', 'Fullstack', 'Confirmé', '2024-04-29', 56.46, 'Alpha', 'Actif'),
(13, 'Lesage', 'Eugène', 'Fullstack', 'Junior', '2025-04-24', 65.12, 'Beta', 'Actif'),
(14, 'Duhamel', 'Catherine', 'QA', 'Confirmé', '2016-08-16', 104.09, 'Gamma', 'Actif'),
(15, 'Charrier', 'Valentine', 'DevOps', 'Junior', '2017-09-30', 94.13, 'Beta', 'Actif'),
(16, 'De Oliveira', 'Anne', 'Backend', 'Senior', '2023-05-06', 107.03, 'Beta', 'Actif'),
(17, 'Hoarau', 'Emmanuel', 'Fullstack', 'Junior', '2024-03-31', 48.3, 'Alpha', 'Actif'),
(18, 'Leroy', 'Susan', 'DevOps', 'Confirmé', '2023-04-25', 69.64, 'Alpha', 'Actif'),
(19, 'Goncalves', 'Nicolas', 'QA', 'Confirmé', '2017-09-27', 53.48, 'Beta', 'Actif'),
(20, 'Fernandes', 'Lorraine', 'Frontend', 'Junior', '2025-01-21', 45.84, 'Beta', 'Actif');

-- Instructions INSERT pour la table Projets
INSERT INTO Projets (ProjetID, NomProjet, ClientID, ChefProjetID, StatutProjet, DateDebut, DateFinPrevue, DateFinReelle, BudgetEstime, BudgetReel, TechnologiePrincipale) VALUES
(1, 'Projet 1 - Le droit de concrétiser vos projets avant-tout', 37, 14, 'Terminé', '2024-01-03', '2024-12-28', '2024-12-25', 121673.23, 151070.51045067876, 'Java/Spring'),
(2, 'Projet 2 - L''art de louer avant-tout', 25, 20, 'En cours', '2025-10-23', '2026-07-20', NULL, 59559.44, NULL, 'Node.js/Express'),
(3, 'Projet 3 - La possibilité d''atteindre vos buts à la pointe', 37, 5, 'En cours', '2025-02-01', '2025-05-02', NULL, 49519.69, NULL, 'Python/Django'),
(4, 'Projet 4 - Le plaisir de concrétiser vos projets autrement', 49, 17, 'Terminé', '2025-10-18', '2025-11-17', '2026-01-10', 103343.87, 85943.43386379008, 'Node.js/Express'),
(5, 'Projet 5 - Le plaisir de concrétiser vos projets autrement', 16, 19, 'En cours', '2024-07-20', '2025-07-15', NULL, 81576.5, NULL, 'Java/Spring'),
(6, 'Projet 6 - L''avantage d''innover plus rapidement', 29, 11, 'Annulé', '2025-07-05', '2026-05-31', '2026-02-14', 62785.96, 75627.69759983607, 'PHP/Laravel'),
(7, 'Projet 7 - La liberté d''avancer en toute tranquilité', 43, 13, 'En attente', '2025-12-08', '2026-04-07', NULL, 79015.39, NULL, 'Angular'),
(8, 'Projet 8 - L''assurance d''évoluer à sa source', 14, 7, 'Annulé', '2025-04-19', '2025-08-17', '2025-05-09', 132451.21, 161995.22822002007, 'Angular'),
(9, 'Projet 9 - L''avantage d''innover autrement', 20, 17, 'En attente', '2025-06-05', '2025-07-05', NULL, 134274.36, NULL, 'Java/Spring'),
(10, 'Projet 10 - Le pouvoir d''atteindre vos buts en toute tranquilité', 46, 7, 'En attente', '2024-05-16', '2024-09-13', NULL, 115774.13, NULL, 'Node.js/Express'),
(11, 'Projet 11 - Le pouvoir d''avancer à la pointe', 33, 10, 'En attente', '2024-07-10', '2025-06-05', NULL, 33166.05, NULL, 'Angular'),
(12, 'Projet 12 - La liberté de changer en toute tranquilité', 49, 2, 'Annulé', '2025-08-28', '2026-02-24', '2025-12-23', 22171.63, 28020.896437314736, 'Python/Django'),
(13, 'Projet 13 - Le confort de louer autrement', 37, 3, 'Terminé', '2025-01-12', '2025-08-10', '2025-09-27', 131723.83, 115260.66294731616, 'Java/Spring'),
(14, 'Projet 14 - La possibilité de rouler naturellement', 2, 13, 'En attente', '2025-01-14', '2025-02-13', NULL, 48988.74, NULL, 'Angular'),
(15, 'Projet 15 - L''assurance de rouler plus rapidement', 3, 6, 'Terminé', '2024-07-27', '2025-03-24', '2025-03-08', 138912.43, 130621.32888935524, 'PHP/Laravel'),
(16, 'Projet 16 - Le plaisir d''évoluer à la pointe', 48, 1, 'Terminé', '2025-04-18', '2025-09-15', '2025-08-31', 124774.9, 130264.0463577806, 'Node.js/Express'),
(17, 'Projet 17 - Le droit de louer de manière efficace', 9, 2, 'Annulé', '2024-04-18', '2025-03-14', '2024-08-24', 68682.91, 82537.8809523224, 'React'),
(18, 'Projet 18 - Le plaisir de changer sans soucis', 49, 19, 'Terminé', '2025-03-01', '2025-10-27', '2025-11-06', 67763.21, 80495.9143180031, 'Python/Django'),
(19, 'Projet 19 - Le droit d''atteindre vos buts à l''état pur', 33, 6, 'Terminé', '2024-12-26', '2025-05-25', '2025-05-17', 148562.96, 126766.6298673591, 'PHP/Laravel'),
(20, 'Projet 20 - Le pouvoir de louer naturellement', 20, 14, 'En attente', '2024-06-13', '2025-06-08', NULL, 67488.83, NULL, 'Vue.js'),
(21, 'Projet 21 - L''avantage d''innover avant-tout', 15, 1, 'Terminé', '2024-11-23', '2025-11-18', '2025-12-22', 81235.3, 99147.09424415868, 'Node.js/Express'),
(22, 'Projet 22 - La possibilité d''évoluer en toute tranquilité', 48, 9, 'En cours', '2024-11-30', '2025-10-26', NULL, 77374.63, NULL, 'Java/Spring'),
(23, 'Projet 23 - Le pouvoir de louer à la pointe', 28, 18, 'Annulé', '2025-08-18', '2026-04-15', '2026-01-11', 13189.3, 12994.886917944496, 'PHP/Laravel'),
(24, 'Projet 24 - Le pouvoir de concrétiser vos projets plus facilement', 37, 1, 'En cours', '2024-02-07', '2024-03-08', NULL, 144418.14, NULL, 'Node.js/Express'),
(25, 'Projet 25 - Le confort de concrétiser vos projets à l''état pur', 12, 7, 'En cours', '2024-12-27', '2025-04-26', NULL, 21112.09, NULL, 'React'),
(26, 'Projet 26 - La possibilité de changer à sa source', 49, 4, 'Terminé', '2024-01-17', '2024-03-17', '2024-04-16', 97881.98, 118737.82517559284, 'PHP/Laravel'),
(27, 'Projet 27 - Le pouvoir d''innover en toute tranquilité', 1, 18, 'En attente', '2024-04-02', '2024-12-28', NULL, 54742.45, NULL, 'React'),
(28, 'Projet 28 - Le confort d''innover naturellement', 49, 19, 'En attente', '2024-09-23', '2025-04-21', NULL, 24687.05, NULL, 'Java/Spring'),
(29, 'Projet 29 - Le plaisir de rouler de manière sûre', 7, 16, 'Terminé', '2025-06-15', '2026-06-10', '2026-07-28', 99812.37, 107562.31420534822, 'Java/Spring'),
(30, 'Projet 30 - Le pouvoir d''avancer de manière sûre', 22, 5, 'Annulé', '2023-12-19', '2024-08-15', '2024-07-18', 6796.92, 7655.407471528891, 'Java/Spring'),
(31, 'Projet 31 - La possibilité de louer à sa source', 18, 12, 'Annulé', '2025-10-11', '2026-02-08', '2026-01-17', 89100.05, 77322.70277410107, 'Angular'),
(32, 'Projet 32 - Le pouvoir d''atteindre vos buts en toute tranquilité', 46, 7, 'Terminé', '2024-02-29', '2024-09-26', '2024-09-19', 7883.07, 8021.2407603827805, 'Python/Django'),
(33, 'Projet 33 - La liberté d''évoluer naturellement', 9, 3, 'En cours', '2025-04-03', '2026-03-29', NULL, 129481.31, NULL, 'Python/Django'),
(34, 'Projet 34 - L''art de louer de manière efficace', 26, 13, 'Terminé', '2025-07-17', '2026-02-12', '2026-04-03', 61445.65, 50735.94060334499, 'Java/Spring'),
(35, 'Projet 35 - L''assurance de louer à l''état pur', 28, 19, 'En attente', '2025-03-25', '2025-08-22', NULL, 55757.31, NULL, 'PHP/Laravel'),
(36, 'Projet 36 - La liberté de rouler de manière efficace', 33, 19, 'Terminé', '2024-02-02', '2024-10-29', '2024-10-05', 73164.63, 66657.11270229069, 'Node.js/Express'),
(37, 'Projet 37 - Le droit d''atteindre vos buts avant-tout', 30, 6, 'En attente', '2025-09-16', '2025-12-15', NULL, 55150.7, NULL, 'PHP/Laravel'),
(38, 'Projet 38 - L''avantage de concrétiser vos projets à l''état pur', 19, 5, 'En cours', '2024-02-25', '2024-03-26', NULL, 131121.23, NULL, 'Python/Django'),
(39, 'Projet 39 - La liberté d''innover plus rapidement', 44, 3, 'Annulé', '2024-05-14', '2024-12-10', '2024-11-30', 35975.95, 41890.67803338803, 'Java/Spring'),
(40, 'Projet 40 - Le droit d''innover de manière sûre', 42, 13, 'Terminé', '2024-02-13', '2024-04-13', '2024-04-01', 134299.95, 142414.94814226773, 'Vue.js'),
(41, 'Projet 41 - L''avantage d''atteindre vos buts avant-tout', 23, 17, 'En cours', '2025-03-25', '2025-04-24', NULL, 135365.41, NULL, 'PHP/Laravel'),
(42, 'Projet 42 - L''avantage d''évoluer à l''état pur', 40, 20, 'Annulé', '2025-09-17', '2025-10-17', '2025-09-27', 35089.4, 44737.94995575398, 'Node.js/Express'),
(43, 'Projet 43 - La possibilité de changer de manière efficace', 33, 4, 'En cours', '2025-07-03', '2026-04-29', NULL, 121401.94, NULL, 'Vue.js'),
(44, 'Projet 44 - Le droit de concrétiser vos projets plus facilement', 22, 4, 'En attente', '2025-07-15', '2026-05-11', NULL, 43208.52, NULL, 'React'),
(45, 'Projet 45 - La liberté de louer à l''état pur', 8, 13, 'En cours', '2025-11-02', '2026-07-30', NULL, 45746.12, NULL, 'Node.js/Express'),
(46, 'Projet 46 - L''avantage de concrétiser vos projets autrement', 38, 11, 'En cours', '2025-10-20', '2025-11-19', NULL, 122580.58, NULL, 'Java/Spring'),
(47, 'Projet 47 - La liberté de concrétiser vos projets de manière efficace', 28, 8, 'En cours', '2024-02-19', '2025-01-14', NULL, 148047.9, NULL, 'Java/Spring'),
(48, 'Projet 48 - L''art d''évoluer à l''état pur', 3, 7, 'En attente', '2024-10-24', '2025-01-22', NULL, 54742.29, NULL, 'Python/Django'),
(49, 'Projet 49 - L''art d''avancer naturellement', 28, 17, 'Annulé', '2024-10-28', '2025-07-25', '2025-05-16', 13075.66, 15435.3745205646, 'PHP/Laravel'),
(50, 'Projet 50 - L''avantage de concrétiser vos projets à sa source', 32, 15, 'En attente', '2025-06-11', '2026-04-07', NULL, 78777.13, NULL, 'Vue.js'),
(51, 'Projet 51 - L''art de louer sans soucis', 10, 7, 'Annulé', '2025-08-08', '2026-01-05', '2025-12-12', 115124.42, 109269.2942443727, 'Vue.js'),
(52, 'Projet 52 - L''assurance de louer à l''état pur', 29, 18, 'Terminé', '2024-09-21', '2025-06-18', '2025-07-29', 98495.78, 125438.46582963257, 'Vue.js'),
(53, 'Projet 53 - L''avantage d''innover à la pointe', 6, 1, 'Annulé', '2024-12-01', '2025-09-27', '2025-05-28', 52447.5, 64012.74827793685, 'Node.js/Express'),
(54, 'Projet 54 - Le plaisir d''évoluer plus rapidement', 40, 3, 'Annulé', '2024-02-08', '2025-01-03', '2024-05-25', 69449.03, 85323.48688416643, 'Angular'),
(55, 'Projet 55 - L''art de concrétiser vos projets à sa source', 32, 19, 'En attente', '2025-06-28', '2025-11-25', NULL, 64430.88, NULL, 'React'),
(56, 'Projet 56 - Le pouvoir d''innover à sa source', 27, 17, 'En cours', '2025-01-03', '2025-03-04', NULL, 15111.86, NULL, 'Angular'),
(57, 'Projet 57 - La possibilité de rouler en toute tranquilité', 3, 18, 'Terminé', '2024-05-29', '2025-02-23', '2025-01-28', 115817.74, 109107.7102723862, 'PHP/Laravel'),
(58, 'Projet 58 - L''avantage d''innover à sa source', 38, 3, 'Annulé', '2024-08-28', '2025-08-23', '2024-10-25', 64396.06, 74034.09985671382, 'Vue.js'),
(59, 'Projet 59 - L''avantage de concrétiser vos projets de manière efficace', 6, 20, 'Annulé', '2024-09-20', '2025-01-18', '2025-01-05', 115747.64, 100792.73781111272, 'React'),
(60, 'Projet 60 - Le plaisir d''évoluer sans soucis', 13, 17, 'Annulé', '2023-12-18', '2024-07-15', '2024-01-30', 103542.59, 123752.5963779977, 'Angular'),
(61, 'Projet 61 - La liberté de changer sans soucis', 32, 16, 'Annulé', '2024-10-30', '2024-11-29', '2024-11-16', 59784.54, 49204.44219957304, 'Java/Spring'),
(62, 'Projet 62 - L''art de rouler plus rapidement', 7, 2, 'En attente', '2024-07-06', '2025-01-02', NULL, 6530.43, NULL, 'Java/Spring'),
(63, 'Projet 63 - Le droit d''atteindre vos buts sans soucis', 22, 14, 'En cours', '2025-01-15', '2026-01-10', NULL, 110798.72, NULL, 'Angular'),
(64, 'Projet 64 - L''assurance d''évoluer plus facilement', 28, 8, 'Terminé', '2024-08-12', '2025-07-08', '2025-06-20', 119702.28, 110263.92966672646, 'React'),
(65, 'Projet 65 - Le confort de rouler naturellement', 2, 7, 'En cours', '2025-09-03', '2026-01-01', NULL, 33903.79, NULL, 'Vue.js'),
(66, 'Projet 66 - L''art d''innover à sa source', 5, 14, 'En attente', '2024-03-03', '2024-05-02', NULL, 129329.52, NULL, 'Java/Spring'),
(67, 'Projet 67 - L''assurance d''atteindre vos buts à l''état pur', 7, 13, 'En cours', '2025-04-10', '2026-01-05', NULL, 76342.79, NULL, 'React'),
(68, 'Projet 68 - Le droit de changer de manière efficace', 37, 1, 'En cours', '2024-07-13', '2024-08-12', NULL, 84862.79, NULL, 'React'),
(69, 'Projet 69 - La liberté d''innover sans soucis', 16, 7, 'En cours', '2024-01-19', '2024-03-19', NULL, 142341.57, NULL, 'Angular'),
(70, 'Projet 70 - Le droit d''évoluer à la pointe', 9, 1, 'En attente', '2024-11-05', '2025-04-04', NULL, 116955.93, NULL, 'PHP/Laravel'),
(71, 'Projet 71 - Le plaisir d''atteindre vos buts avant-tout', 29, 18, 'Annulé', '2024-02-14', '2024-08-12', '2024-08-10', 46306.78, 54141.96085382631, 'PHP/Laravel'),
(72, 'Projet 72 - Le plaisir d''évoluer plus rapidement', 36, 20, 'Terminé', '2024-04-13', '2024-11-09', '2024-12-19', 54121.61, 57612.67179117316, 'PHP/Laravel'),
(73, 'Projet 73 - L''avantage de concrétiser vos projets plus facilement', 29, 20, 'En attente', '2025-11-30', '2026-11-25', NULL, 43405.94, NULL, 'Node.js/Express'),
(74, 'Projet 74 - Le confort de louer autrement', 42, 4, 'En cours', '2023-12-19', '2024-09-14', NULL, 122125.6, NULL, 'Node.js/Express'),
(75, 'Projet 75 - L''art de changer de manière sûre', 21, 1, 'En attente', '2025-02-02', '2025-07-02', NULL, 92795.45, NULL, 'Node.js/Express'),
(76, 'Projet 76 - L''assurance d''atteindre vos buts plus facilement', 27, 6, 'En cours', '2025-01-12', '2025-11-08', NULL, 53760.37, NULL, 'Python/Django'),
(77, 'Projet 77 - La possibilité de louer sans soucis', 41, 8, 'En cours', '2023-12-23', '2024-10-18', NULL, 32925.97, NULL, 'Angular'),
(78, 'Projet 78 - La liberté de louer de manière efficace', 37, 15, 'Annulé', '2024-03-20', '2024-11-15', '2024-07-11', 78451.25, 93257.41287946951, 'Angular'),
(79, 'Projet 79 - Le droit de changer à la pointe', 19, 17, 'En attente', '2024-02-25', '2024-09-22', NULL, 126882.7, NULL, 'Java/Spring'),
(80, 'Projet 80 - La possibilité d''innover à la pointe', 33, 2, 'En attente', '2024-03-13', '2024-10-09', NULL, 19844.7, NULL, 'Java/Spring'),
(81, 'Projet 81 - La liberté d''innover naturellement', 15, 11, 'En attente', '2025-04-05', '2025-09-02', NULL, 121913.94, NULL, 'PHP/Laravel'),
(82, 'Projet 82 - La liberté d''innover plus facilement', 41, 6, 'En attente', '2024-10-09', '2024-12-08', NULL, 114765.75, NULL, 'Python/Django'),
(83, 'Projet 83 - La possibilité d''atteindre vos buts de manière efficace', 19, 10, 'En attente', '2025-05-18', '2025-08-16', NULL, 122552.38, NULL, 'PHP/Laravel'),
(84, 'Projet 84 - Le confort d''innover à sa source', 39, 10, 'En attente', '2024-10-21', '2025-03-20', NULL, 142061.36, NULL, 'Vue.js'),
(85, 'Projet 85 - Le plaisir de louer plus facilement', 39, 1, 'En attente', '2024-12-13', '2025-03-13', NULL, 128348.82, NULL, 'Node.js/Express'),
(86, 'Projet 86 - Le droit de louer naturellement', 38, 3, 'En attente', '2024-09-04', '2025-04-02', NULL, 62564.87, NULL, 'PHP/Laravel'),
(87, 'Projet 87 - L''assurance d''atteindre vos buts naturellement', 12, 10, 'En attente', '2024-05-07', '2024-11-03', NULL, 149042.76, NULL, 'PHP/Laravel'),
(88, 'Projet 88 - Le confort d''avancer plus rapidement', 38, 18, 'En cours', '2024-07-28', '2024-09-26', NULL, 142773.4, NULL, 'Node.js/Express'),
(89, 'Projet 89 - Le pouvoir de louer sans soucis', 46, 20, 'Terminé', '2024-10-14', '2025-06-11', '2025-05-16', 148885.72, 146213.69991065253, 'Java/Spring'),
(90, 'Projet 90 - L''assurance de concrétiser vos projets naturellement', 49, 1, 'En cours', '2025-04-26', '2025-07-25', NULL, 58128.84, NULL, 'Vue.js'),
(91, 'Projet 91 - Le plaisir de concrétiser vos projets naturellement', 42, 8, 'Terminé', '2025-04-08', '2025-10-05', '2025-11-06', 26286.35, 21850.16897996037, 'PHP/Laravel'),
(92, 'Projet 92 - L''assurance d''innover de manière efficace', 33, 4, 'Terminé', '2024-07-19', '2025-05-15', '2025-04-28', 147532.04, 128213.2429897476, 'Node.js/Express'),
(93, 'Projet 93 - Le plaisir d''avancer autrement', 1, 14, 'En cours', '2024-07-22', '2025-06-17', NULL, 93889.52, NULL, 'Java/Spring'),
(94, 'Projet 94 - L''assurance d''évoluer à l''état pur', 45, 19, 'En attente', '2025-05-25', '2025-12-21', NULL, 101142.35, NULL, 'Node.js/Express'),
(95, 'Projet 95 - Le pouvoir d''avancer naturellement', 35, 13, 'Terminé', '2023-12-16', '2024-03-15', '2024-05-02', 18884.78, 16582.462999691943, 'PHP/Laravel'),
(96, 'Projet 96 - Le droit de concrétiser vos projets naturellement', 1, 13, 'Terminé', '2025-04-03', '2025-07-02', '2025-06-23', 21320.94, 27385.19452099326, 'Vue.js'),
(97, 'Projet 97 - L''avantage de changer plus rapidement', 8, 7, 'Annulé', '2024-12-16', '2025-10-12', '2025-05-16', 129670.17, 109054.5969500756, 'Java/Spring'),
(98, 'Projet 98 - L''art de rouler naturellement', 49, 2, 'En attente', '2025-06-10', '2026-04-06', NULL, 81958.49, NULL, 'Java/Spring'),
(99, 'Projet 99 - Le plaisir d''innover avant-tout', 42, 9, 'En cours', '2024-10-09', '2024-11-08', NULL, 16425.58, NULL, 'PHP/Laravel'),
(100, 'Projet 100 - L''art de concrétiser vos projets de manière sûre', 42, 10, 'Terminé', '2024-09-10', '2025-05-08', '2025-05-07', 117984.97, 125002.87048744549, 'Node.js/Express');

-- Instructions INSERT pour la table Taches
INSERT INTO Taches (TacheID, ProjetID, DevID, DescriptionTache, StatutTache, Priorite, DateCreation, DateEcheance, HeuresEstimees, HeuresReelles) VALUES
(1, 37, 8, 'Recueillir mener entourer rejoindre autre médecin.', 'En cours', 'Basse', '2025-10-14', '2025-11-03', 31, 19.73),
(2, 58, 5, 'Désormais habiller terrain gris.', 'En cours', 'Basse', '2025-03-06', '2025-03-19', 22, 12.98),
(3, 78, 8, 'Loi noire raconter terrible.', 'Terminée', 'Moyenne', '2025-02-02', '2025-02-20', 26, 33.62),
(4, 55, 18, 'Rouge bien guerre qualité temps existence mener.', 'En revue', 'Haute', '2025-11-29', '2025-12-19', 57, NULL),
(5, 49, 2, 'En ensemble verre vendre loin reprendre pour baisser.', 'En revue', 'Moyenne', '2025-07-26', '2025-08-17', 79, NULL),
(6, 76, 20, 'Couper marchand votre voir paupière.', 'À faire', 'Haute', '2025-09-11', '2025-10-06', 31, NULL),
(7, 36, 6, 'Voyager voici vivre vêtement.', 'En cours', 'Basse', '2025-08-19', '2025-09-01', 17, 4.87),
(8, 38, 2, 'Maintenant salut façon demain compte.', 'À faire', 'Haute', '2024-04-03', '2024-04-19', 6, NULL),
(9, 71, 1, 'Forcer haut son prétendre nouveau franc enfermer poste.', 'En cours', 'Basse', '2024-04-10', '2024-05-05', 41, 24.55),
(10, 70, 11, 'Rire devenir ami entier.', 'En cours', 'Basse', '2025-07-26', '2025-08-03', 68, 45.18),
(11, 38, 9, 'Considérer conversation rue autre.', 'Terminée', 'Moyenne', '2024-08-21', '2024-09-10', 29, 35.68),
(12, 70, 15, 'Expliquer effacer arrière aile moment appeler cheveu.', 'En revue', 'Basse', '2025-09-08', '2025-09-16', 80, NULL),
(13, 71, 16, 'Mer fonder fruit instinct résister maître.', 'En revue', 'Haute', '2025-01-18', '2025-01-21', 17, NULL),
(14, 32, 2, 'Fatiguer carte vêtement absence.', 'À faire', 'Basse', '2024-12-12', '2025-01-04', 70, NULL),
(15, 63, 17, 'Quant À assister complet général voie lendemain.', 'À faire', 'Basse', '2025-02-06', '2025-03-01', 11, NULL),
(16, 11, 2, 'Accomplir lever premier lorsque guerre lettre cou.', 'En revue', 'Haute', '2024-09-28', '2024-10-26', 55, NULL),
(17, 84, 1, 'Quelque moyen très résoudre sol respirer madame.', 'À faire', 'Haute', '2025-11-17', '2025-11-20', 80, NULL),
(18, 84, 20, 'Fils musique corps préparer paysan de.', 'En cours', 'Basse', '2025-11-04', '2025-11-06', 57, 39.28),
(19, 82, 9, 'Meilleur cercle encore quelque croix portier éclat port.', 'En cours', 'Haute', '2025-09-15', '2025-10-03', 4, 2.96),
(20, 51, 3, 'Révolution quoi étranger perte.', 'À faire', 'Moyenne', '2025-09-08', '2025-10-08', 16, NULL),
(21, 86, 7, 'Rester vieil commencer beau remplacer mal nu sable.', 'En cours', 'Haute', '2025-01-26', '2025-02-08', 52, 28.31),
(22, 13, 15, 'Tenter ni quelque comment.', 'Terminée', 'Basse', '2025-01-25', '2025-02-22', 34, 29.13),
(23, 35, 19, 'Paupière employer enfin paysan or.', 'En cours', 'Basse', '2025-04-08', '2025-04-11', 72, 50.55),
(24, 17, 13, 'Matin six et ton seulement côté.', 'À faire', 'Basse', '2025-04-10', '2025-04-25', 23, NULL),
(25, 83, 6, 'Froid retourner pays habiter là.', 'En cours', 'Basse', '2025-09-17', '2025-10-07', 76, 32.96),
(26, 99, 1, 'En poitrine gouvernement obéir.', 'Terminée', 'Basse', '2025-09-18', '2025-10-03', 47, 49.8),
(27, 92, 9, 'Tu course succès nouveau paraître rose côte.', 'En cours', 'Haute', '2025-06-12', '2025-06-19', 10, 7.77),
(28, 62, 11, 'Pouvoir chaud valoir immobile savoir.', 'À faire', 'Basse', '2025-04-08', '2025-04-27', 8, NULL),
(29, 75, 5, 'Double trouver foi ou.', 'En cours', 'Moyenne', '2025-05-18', '2025-06-10', 31, 21.44),
(30, 83, 19, 'Porte abandonner puis hors.', 'À faire', 'Basse', '2025-09-21', '2025-10-14', 20, NULL),
(31, 29, 20, 'Tard part naturel moyen secours moindre.', 'En revue', 'Haute', '2025-10-19', '2025-11-11', 31, NULL),
(32, 2, 4, 'Quart appeler emporter précipiter humide époque.', 'Terminée', 'Basse', '2025-11-20', '2025-12-11', 32, 37.06),
(33, 19, 13, 'Forme garde étude.', 'Terminée', 'Basse', '2025-03-14', '2025-04-01', 8, 7.58),
(34, 46, 1, 'Paysan clair essuyer partout alors.', 'En cours', 'Moyenne', '2025-10-31', '2025-11-20', 4, 0.71),
(35, 16, 6, 'Argent volonté discussion résister lieu état nerveux escalier.', 'En cours', 'Haute', '2025-06-22', '2025-07-05', 20, 10.0),
(36, 92, 18, 'Acheter toile rappeler auquel celui.', 'En cours', 'Moyenne', '2024-10-19', '2024-10-30', 32, 19.91),
(37, 68, 17, 'Article bon partout.', 'Terminée', 'Basse', '2024-07-28', '2024-08-12', 22, 25.99),
(38, 79, 2, 'Réponse semblable précis chaque accompagner.', 'À faire', 'Haute', '2024-09-18', '2024-10-13', 44, NULL),
(39, 93, 7, 'Douter distance apercevoir maître avance accorder recommencer.', 'En cours', 'Haute', '2025-06-01', '2025-06-22', 66, 32.61),
(40, 44, 15, 'Enlever voix autrefois oublier.', 'En cours', 'Basse', '2025-07-27', '2025-07-29', 19, 4.4),
(41, 80, 6, 'De refuser reculer.', 'En revue', 'Moyenne', '2024-05-18', '2024-05-20', 33, NULL),
(42, 44, 2, 'Grand tâche attacher reculer soudain masse haine.', 'En cours', 'Haute', '2025-10-02', '2025-10-31', 5, 1.69),
(43, 88, 12, 'Franchir parvenir peu miser défendre propre beau.', 'À faire', 'Haute', '2024-12-01', '2024-12-23', 59, NULL),
(44, 75, 16, 'Puisque présence ventre céder digne gris fumée.', 'À faire', 'Basse', '2025-02-17', '2025-02-24', 47, NULL),
(45, 16, 14, 'Politique hôtel fonder arbre manquer verser parfaitement.', 'En revue', 'Moyenne', '2025-08-28', '2025-09-02', 55, NULL),
(46, 80, 14, 'Hiver vivant espoir importance chant.', 'En revue', 'Basse', '2025-09-24', '2025-10-07', 76, NULL),
(47, 75, 17, 'Venir genre dur ordre établir.', 'Terminée', 'Basse', '2025-02-18', '2025-03-06', 57, 53.55),
(48, 75, 10, 'Fer peine souffler noire.', 'À faire', 'Haute', '2025-07-15', '2025-07-28', 28, NULL),
(49, 52, 1, 'Noire morceau ordre veille lier soutenir.', 'Terminée', 'Basse', '2025-08-14', '2025-09-08', 7, 5.8),
(50, 85, 7, 'Perdu dégager or aller trop proposer mince tendre.', 'À faire', 'Basse', '2025-11-18', '2025-12-14', 35, NULL),
(51, 91, 17, 'Élever convenir tranquille.', 'En cours', 'Basse', '2025-11-01', '2025-11-04', 34, 12.08),
(52, 30, 3, 'Son monde époque eaux où parole.', 'En revue', 'Haute', '2024-07-28', '2024-08-07', 18, NULL),
(53, 55, 7, 'Lune observer scène prier.', 'Terminée', 'Moyenne', '2025-07-09', '2025-07-11', 37, 43.97),
(54, 60, 11, 'De habiter anglais loin rêve.', 'En cours', 'Basse', '2024-10-23', '2024-11-11', 61, 29.54),
(55, 42, 9, 'Conversation ce nom demeurer ministre année réunir.', 'En cours', 'Haute', '2025-10-26', '2025-11-13', 73, 47.14),
(56, 35, 10, 'Signe quelqu''un que drôle naissance plaine.', 'À faire', 'Haute', '2025-11-06', '2025-11-29', 23, NULL),
(57, 28, 11, 'Vingt faute distance après retenir crier demain.', 'En cours', 'Basse', '2025-02-18', '2025-02-25', 27, 16.32),
(58, 5, 8, 'Cheveu toute moitié dernier envie prouver.', 'À faire', 'Moyenne', '2025-03-06', '2025-03-26', 70, NULL),
(59, 77, 13, 'Déchirer seuil nu cacher aucun règle proposer.', 'En revue', 'Basse', '2025-04-08', '2025-04-27', 37, NULL),
(60, 63, 13, 'Or devoir fermer intérieur remercier jardin.', 'En revue', 'Basse', '2025-06-29', '2025-07-05', 75, NULL),
(61, 29, 12, 'Fusil céder hauteur absence discuter est cri.', 'En revue', 'Haute', '2025-07-01', '2025-07-18', 78, NULL),
(62, 92, 8, 'Autour début demi arrivée.', 'En revue', 'Haute', '2024-09-21', '2024-09-22', 25, NULL),
(63, 64, 4, 'Entretenir fatigue attitude entre si paquet saint.', 'En cours', 'Basse', '2024-09-15', '2024-09-24', 44, 30.9),
(64, 31, 4, 'Été nature abattre maître fin pauvre.', 'En cours', 'Haute', '2025-11-17', '2025-11-20', 53, 16.98),
(65, 62, 4, 'Parvenir devenir voici chemise grandir.', 'Terminée', 'Moyenne', '2025-04-23', '2025-05-15', 73, 75.33),
(66, 49, 7, 'Ressembler étoile prier science.', 'Terminée', 'Moyenne', '2024-10-30', '2024-11-18', 17, 16.16),
(67, 75, 1, 'Place tel tard voie sien droit mien tout.', 'À faire', 'Basse', '2025-05-13', '2025-05-19', 34, NULL),
(68, 46, 13, 'Sur famille anglais politique.', 'Terminée', 'Basse', '2025-11-08', '2025-11-19', 18, 22.64),
(69, 66, 2, 'Miser père jeunesse comme.', 'En revue', 'Moyenne', '2025-04-26', '2025-05-05', 75, NULL),
(70, 63, 3, 'Voir prier davantage docteur animal année observer.', 'En cours', 'Haute', '2025-06-22', '2025-07-18', 76, 14.83),
(71, 97, 6, 'Hésiter lentement gloire officier porter terrain exiger.', 'En revue', 'Moyenne', '2025-10-25', '2025-11-17', 28, NULL),
(72, 29, 11, 'Même palais toi prêter taire beau croiser.', 'En revue', 'Moyenne', '2025-08-22', '2025-08-30', 46, NULL),
(73, 58, 18, 'Lever douze étendue grave forêt reculer.', 'Terminée', 'Moyenne', '2025-02-05', '2025-02-25', 21, 19.39),
(74, 86, 14, 'Aucun te roche esprit apercevoir petit.', 'À faire', 'Moyenne', '2024-12-27', '2025-01-07', 62, NULL),
(75, 26, 1, 'Détacher chanter guère.', 'En cours', 'Haute', '2024-03-18', '2024-04-15', 55, 43.4),
(76, 86, 7, 'Bout oreille côté cri.', 'En cours', 'Moyenne', '2025-12-04', '2025-12-17', 36, 11.74),
(77, 86, 20, 'Envoyer aimer déclarer vérité faire mémoire.', 'À faire', 'Basse', '2025-09-11', '2025-10-04', 73, NULL),
(78, 15, 15, 'Rassurer forme complètement nation somme coin.', 'En cours', 'Basse', '2025-05-10', '2025-05-11', 66, 36.12),
(79, 74, 12, 'Devant cesse peur plaire trait.', 'En cours', 'Moyenne', '2025-02-18', '2025-02-25', 58, 40.78),
(80, 5, 16, 'Douceur libre pourtant mer oeil ou terme.', 'En cours', 'Basse', '2025-11-27', '2025-12-12', 56, 20.65),
(81, 98, 14, 'Ville pauvre couche compagnon pensée tandis que.', 'À faire', 'Basse', '2025-09-22', '2025-10-01', 13, NULL),
(82, 3, 12, 'Retenir joue tempête éclater marché.', 'Terminée', 'Haute', '2025-05-15', '2025-05-23', 38, 48.8),
(83, 29, 2, 'Folie terrible jeune tomber sauver banc figurer.', 'Terminée', 'Moyenne', '2025-07-19', '2025-08-12', 44, 50.76),
(84, 65, 6, 'Dieu siège pendant contre absolu ainsi servir.', 'En revue', 'Moyenne', '2025-09-16', '2025-10-15', 55, NULL),
(85, 34, 6, 'Au rêver montrer offrir inspirer de nu.', 'À faire', 'Moyenne', '2025-09-30', '2025-10-28', 46, NULL),
(86, 89, 15, 'Dégager ceci corde vieux homme oser âgé saint.', 'Terminée', 'Basse', '2025-05-25', '2025-06-12', 32, 34.93),
(87, 93, 15, 'Million demeurer saint possible expression frais.', 'En revue', 'Moyenne', '2025-01-02', '2025-01-16', 35, NULL),
(88, 37, 8, 'Mari bas cercle pourtant rester vingt.', 'À faire', 'Haute', '2025-10-21', '2025-11-20', 38, NULL),
(89, 37, 17, 'Clef chef page examiner alors.', 'En cours', 'Moyenne', '2025-11-21', '2025-11-27', 23, 2.47),
(90, 69, 6, 'Journal médecin vert compagnie cercle ouvert.', 'En cours', 'Haute', '2024-10-24', '2024-11-07', 70, 38.78),
(91, 93, 7, 'Croiser plante surtout dehors gagner avant fête.', 'À faire', 'Haute', '2025-10-04', '2025-10-16', 43, NULL),
(92, 50, 7, 'Sept monde ramener respect étudier matière durer posséder.', 'Terminée', 'Moyenne', '2025-11-19', '2025-12-13', 5, 4.38),
(93, 92, 14, 'Chasse lutte toute terre cent veille.', 'Terminée', 'Moyenne', '2025-03-15', '2025-04-06', 58, 70.0),
(94, 61, 5, 'Gagner grâce tendre partie roman.', 'En cours', 'Moyenne', '2025-02-22', '2025-03-23', 8, 1.3),
(95, 85, 1, 'Drame musique passer faute son.', 'En cours', 'Haute', '2025-04-15', '2025-05-14', 48, 16.53),
(96, 60, 6, 'Gauche amener moitié.', 'Terminée', 'Basse', '2024-04-14', '2024-05-10', 41, 42.94),
(97, 58, 19, 'Intelligence rassurer auteur cuisine voisin glace.', 'En cours', 'Moyenne', '2025-05-08', '2025-05-16', 31, 10.22),
(98, 72, 7, 'Nécessaire marché parcourir.', 'Terminée', 'Haute', '2025-09-29', '2025-10-24', 69, 72.48),
(99, 91, 11, 'Animal nul choisir comme.', 'À faire', 'Moyenne', '2025-05-13', '2025-05-26', 41, NULL),
(100, 34, 9, 'Poste âme mince dernier.', 'En revue', 'Basse', '2025-09-25', '2025-10-01', 14, NULL),
(101, 84, 18, 'Approcher acheter faveur.', 'À faire', 'Basse', '2025-11-03', '2025-11-22', 76, NULL),
(102, 20, 4, 'Chemin impression étonner.', 'En cours', 'Basse', '2025-04-24', '2025-05-08', 45, 13.13),
(103, 57, 1, 'Apporter changer avant essayer fleur rejoindre ressembler.', 'À faire', 'Basse', '2025-10-01', '2025-10-28', 69, NULL),
(104, 36, 19, 'Présent aller certain préparer repas goutte admettre.', 'Terminée', 'Basse', '2025-08-03', '2025-08-08', 72, 75.64),
(105, 60, 12, 'Mener ajouter remettre tout.', 'En revue', 'Moyenne', '2024-05-18', '2024-06-01', 60, NULL),
(106, 8, 3, 'Mourir remarquer lèvre cesser.', 'À faire', 'Haute', '2025-11-06', '2025-11-28', 46, NULL),
(107, 70, 18, 'Intérieur avec rare charger supposer séparer certain vivre.', 'À faire', 'Haute', '2025-07-08', '2025-07-18', 19, NULL),
(108, 72, 11, 'Âme courir croix exiger existence.', 'En revue', 'Moyenne', '2025-08-13', '2025-08-16', 56, NULL),
(109, 23, 16, 'Raison palais recommencer pierre instinct discuter avant plusieurs.', 'En revue', 'Basse', '2025-12-05', '2025-12-13', 7, NULL),
(110, 10, 11, 'Parler suivre camarade remonter foi général.', 'Terminée', 'Basse', '2024-09-05', '2024-09-22', 76, 68.94),
(111, 15, 3, 'Si demeurer parvenir sou.', 'Terminée', 'Basse', '2025-08-16', '2025-09-15', 73, 79.22),
(112, 29, 7, 'Yeux groupe goutte petit rire.', 'En revue', 'Moyenne', '2025-07-12', '2025-08-01', 60, NULL),
(113, 32, 2, 'Soldat important dur sujet bras droit je.', 'En revue', 'Moyenne', '2025-03-26', '2025-04-08', 74, NULL),
(114, 34, 13, 'Quartier hier approcher montrer membre sûr durant.', 'Terminée', 'Haute', '2025-10-31', '2025-11-03', 22, 20.83),
(115, 9, 5, 'Colline juge que lui forêt.', 'En revue', 'Moyenne', '2025-07-29', '2025-08-18', 56, NULL),
(116, 98, 10, 'Forme fenêtre fond unique bas quoi dessus.', 'Terminée', 'Moyenne', '2025-12-07', '2025-12-23', 13, 15.16),
(117, 65, 18, 'Chef quant à certain endormir résistance soi.', 'À faire', 'Basse', '2025-09-17', '2025-10-04', 29, NULL),
(118, 73, 6, 'Atteindre comment davantage compter croix douleur.', 'À faire', 'Moyenne', '2025-12-03', '2025-12-22', 68, NULL),
(119, 46, 8, 'Fatiguer énergie voiture banc cinquante.', 'En revue', 'Haute', '2025-10-23', '2025-11-12', 35, NULL),
(120, 4, 6, 'Second marché fils lorsque.', 'En cours', 'Basse', '2025-10-18', '2025-10-30', 35, 4.04),
(121, 55, 20, 'Père étage quelqu''un passion rang.', 'En revue', 'Haute', '2025-09-05', '2025-09-27', 56, NULL),
(122, 37, 10, 'Disparaître fumer sembler rentrer personne eau espace.', 'Terminée', 'Moyenne', '2025-11-02', '2025-11-13', 7, 8.77),
(123, 40, 19, 'Colon supposer absolu juste.', 'En revue', 'Moyenne', '2025-02-07', '2025-02-12', 7, NULL),
(124, 87, 11, 'Monde vivre atteindre règle brusquement pur.', 'En revue', 'Moyenne', '2024-06-02', '2024-06-10', 43, NULL),
(125, 17, 7, 'Souffrance désir jeter couvrir lumière haut pont.', 'En cours', 'Basse', '2024-11-29', '2024-12-01', 75, 45.92),
(126, 34, 20, 'Ordre lever grand armée apparence recherche occuper.', 'Terminée', 'Haute', '2025-11-03', '2025-11-22', 6, 5.87),
(127, 19, 15, 'Détail fauteuil champ mourir.', 'En revue', 'Basse', '2025-01-13', '2025-01-16', 31, NULL),
(128, 2, 17, 'Ligne carte mouvement éteindre.', 'En revue', 'Basse', '2025-11-01', '2025-11-08', 50, NULL),
(129, 87, 20, 'Assister combat mode docteur.', 'En cours', 'Basse', '2024-09-09', '2024-09-21', 80, 39.86),
(130, 95, 14, 'Horizon rayon valeur agent.', 'En revue', 'Basse', '2024-04-25', '2024-05-05', 53, NULL),
(131, 25, 4, 'Ensemble sien qui réflexion enfoncer.', 'Terminée', 'Haute', '2025-10-04', '2025-10-13', 30, 26.06),
(132, 21, 16, 'Arme rose pauvre.', 'En revue', 'Basse', '2025-09-26', '2025-10-09', 30, NULL),
(133, 86, 20, 'Grandir neuf plus autre époque gens.', 'En revue', 'Haute', '2025-09-03', '2025-09-05', 54, NULL),
(134, 13, 10, 'Sonner cinquante guerre.', 'En cours', 'Moyenne', '2025-09-04', '2025-09-16', 61, 46.63),
(135, 22, 1, 'Politique fumée pluie.', 'À faire', 'Haute', '2025-06-21', '2025-06-27', 80, NULL),
(136, 91, 18, 'Douceur sembler demi.', 'Terminée', 'Haute', '2025-05-28', '2025-06-01', 70, 74.15),
(137, 96, 18, 'Prochain vêtir bas portier.', 'Terminée', 'Moyenne', '2025-09-20', '2025-10-13', 41, 44.67),
(138, 16, 14, 'Pouvoir réel curieux bras quoi loi elle.', 'À faire', 'Moyenne', '2025-11-13', '2025-11-27', 19, NULL),
(139, 1, 14, 'Désespoir métier attacher chasse danser blond soin.', 'En revue', 'Haute', '2024-01-24', '2024-02-21', 46, NULL),
(140, 20, 15, 'Quelque demi boire fixer connaissance.', 'En revue', 'Moyenne', '2024-12-12', '2025-01-09', 25, NULL),
(141, 99, 4, 'Maître faim chose le long journal loi.', 'Terminée', 'Moyenne', '2025-01-04', '2025-01-25', 50, 58.52),
(142, 100, 19, 'Éloigner refuser supérieur.', 'En revue', 'Haute', '2024-10-28', '2024-11-02', 36, NULL),
(143, 16, 17, 'Prouver compagnon regretter horizon fort dernier.', 'En revue', 'Moyenne', '2025-05-28', '2025-06-04', 79, NULL),
(144, 22, 19, 'Autre homme dernier vert.', 'En cours', 'Moyenne', '2025-12-02', '2025-12-29', 70, 43.58),
(145, 63, 10, 'Terme avec atteindre curieux époque arracher ce habitant.', 'Terminée', 'Moyenne', '2025-08-12', '2025-08-27', 39, 45.93),
(146, 86, 13, 'Arme sourire ton élever puis troubler tu.', 'En cours', 'Haute', '2025-08-28', '2025-09-25', 23, 13.47),
(147, 59, 1, 'Fonder envoyer beau.', 'En revue', 'Basse', '2024-12-05', '2024-12-11', 31, NULL),
(148, 68, 3, 'Plante tomber finir attention auteur gouvernement contraire.', 'Terminée', 'Basse', '2025-07-24', '2025-08-12', 48, 52.32),
(149, 3, 20, 'Gauche source cabinet souffler.', 'En revue', 'Haute', '2025-09-15', '2025-09-30', 74, NULL),
(150, 6, 17, 'Aussi discussion froid jour terre fumer.', 'En revue', 'Haute', '2025-07-19', '2025-07-30', 27, NULL),
(151, 82, 15, 'Immobile passé leur penser quelqu''un ou souffler.', 'En cours', 'Haute', '2025-05-15', '2025-06-03', 9, 5.61),
(152, 16, 20, 'Nez absolu étranger.', 'En cours', 'Basse', '2025-10-31', '2025-11-12', 65, 12.53),
(153, 86, 20, 'Nouveau froid obliger douleur haut froid affirmer arriver.', 'À faire', 'Basse', '2024-09-14', '2024-09-20', 47, NULL),
(154, 77, 2, 'Rayon fonction brûler hier siècle en mur.', 'À faire', 'Haute', '2024-11-30', '2024-12-09', 72, NULL),
(155, 46, 19, 'Règle inquiétude entrée en complet pays.', 'En revue', 'Haute', '2025-11-08', '2025-11-16', 80, NULL),
(156, 60, 7, 'Hésiter amour envelopper même flamme essayer ville.', 'Terminée', 'Basse', '2024-09-25', '2024-10-16', 13, 11.37),
(157, 74, 4, 'Partager employer exécuter guerre.', 'Terminée', 'Haute', '2024-07-13', '2024-07-18', 50, 44.46),
(158, 51, 12, 'Poche cacher flot.', 'À faire', 'Haute', '2025-10-11', '2025-11-08', 45, NULL),
(159, 26, 9, 'Plan militaire promettre autant promener.', 'En cours', 'Haute', '2025-10-03', '2025-11-02', 70, 42.32),
(160, 50, 15, 'Éteindre vieux ça père.', 'À faire', 'Basse', '2025-07-24', '2025-07-26', 34, NULL),
(161, 77, 2, 'Soin occuper objet près long sien tant.', 'À faire', 'Haute', '2024-08-18', '2024-08-23', 7, NULL),
(162, 88, 15, 'Énorme porte après vieux tourner.', 'En cours', 'Basse', '2024-08-28', '2024-09-18', 26, 12.5),
(163, 30, 4, 'Journal caresser découvrir vieillard immobile saint tenir ton.', 'À faire', 'Haute', '2025-07-12', '2025-07-24', 80, NULL),
(164, 71, 13, 'Boire fortune naturellement besoin habiller jeter.', 'Terminée', 'Moyenne', '2025-08-11', '2025-08-25', 40, 44.42),
(165, 85, 4, 'Paquet envelopper commencer claire crier.', 'À faire', 'Basse', '2025-02-24', '2025-03-07', 26, NULL),
(166, 60, 10, 'Queue école lutte faveur plein souhaiter arrêter.', 'En revue', 'Haute', '2024-05-29', '2024-06-05', 11, NULL),
(167, 73, 15, 'Également aussitôt police promettre fait jouer.', 'À faire', 'Basse', '2025-12-06', '2025-12-21', 10, NULL),
(168, 31, 20, 'Prononcer vieux ramener esprit.', 'En cours', 'Basse', '2025-11-15', '2025-12-11', 62, 29.14),
(169, 39, 16, 'Action ci dans plein.', 'À faire', 'Basse', '2025-11-24', '2025-12-19', 23, NULL),
(170, 49, 2, 'Souvenir espoir entraîner.', 'En revue', 'Haute', '2024-12-16', '2025-01-07', 53, NULL),
(171, 52, 18, 'Tomber arme mesure vaste face vers.', 'À faire', 'Moyenne', '2024-11-08', '2024-11-13', 76, NULL),
(172, 52, 9, 'Surveiller anglais vert auprès crise chanter comment.', 'Terminée', 'Haute', '2024-10-18', '2024-10-27', 50, 54.23),
(173, 32, 14, 'Affaire tour maladie voyager.', 'À faire', 'Moyenne', '2024-10-22', '2024-10-28', 61, NULL),
(174, 88, 7, 'Bien âgé entretenir jeune toujours.', 'Terminée', 'Haute', '2025-11-13', '2025-12-10', 59, 62.28),
(175, 98, 6, 'Dire difficile faux confiance épais supposer morceau.', 'À faire', 'Moyenne', '2025-10-28', '2025-11-20', 14, NULL),
(176, 38, 18, 'Cour oui vouloir triste etc noire.', 'À faire', 'Moyenne', '2024-03-14', '2024-03-16', 51, NULL),
(177, 72, 11, 'Remplacer content chambre soi problème affirmer.', 'À faire', 'Basse', '2025-10-07', '2025-11-01', 59, NULL),
(178, 77, 10, 'Gouvernement plan inconnu semblable vivant.', 'En cours', 'Moyenne', '2025-10-08', '2025-11-05', 43, 5.59),
(179, 49, 7, 'Vite précieux général parcourir.', 'Terminée', 'Haute', '2025-03-07', '2025-03-27', 24, 27.57),
(180, 97, 4, 'Aide signifier étranger depuis sommeil lendemain.', 'En revue', 'Basse', '2025-09-04', '2025-09-15', 47, NULL),
(181, 20, 3, 'Plein agir détruire accent madame aussitôt enfermer.', 'Terminée', 'Haute', '2025-03-27', '2025-04-22', 12, 14.76),
(182, 11, 18, 'Public profondément discussion voile grâce musique.', 'En revue', 'Moyenne', '2025-10-25', '2025-10-31', 46, NULL),
(183, 1, 15, 'Route heureux fort répandre inviter mémoire drôle.', 'En revue', 'Haute', '2025-01-06', '2025-01-18', 5, NULL),
(184, 57, 16, 'Quarante hôtel habitant assister jambe souffrir caresser.', 'À faire', 'Haute', '2025-04-09', '2025-05-01', 60, NULL),
(185, 63, 6, 'Distance poursuivre garde passer pluie gens.', 'En revue', 'Basse', '2025-06-25', '2025-07-08', 31, NULL),
(186, 99, 13, 'Lier creuser moyen claire presque naître double.', 'En revue', 'Haute', '2025-12-07', '2025-12-10', 58, NULL),
(187, 6, 11, 'Haute tellement ville vie banc vision colon.', 'En revue', 'Basse', '2025-12-09', '2026-01-06', 30, NULL),
(188, 70, 17, 'Mari cruel tout dans.', 'En cours', 'Haute', '2025-10-21', '2025-11-14', 52, 30.27),
(189, 87, 10, 'Armer léger peuple apporter enfant.', 'À faire', 'Basse', '2025-11-08', '2025-12-02', 32, NULL),
(190, 39, 1, 'Dimanche dernier tout réflexion gris veiller ainsi.', 'En cours', 'Moyenne', '2024-05-30', '2024-06-24', 65, 18.05),
(191, 79, 5, 'Place un justice.', 'Terminée', 'Moyenne', '2025-04-04', '2025-04-16', 39, 38.51),
(192, 70, 10, 'Apprendre violent réalité ici clair drame hésiter.', 'Terminée', 'Basse', '2025-10-14', '2025-10-30', 45, 36.2),
(193, 38, 16, 'Silence éprouver y mien.', 'À faire', 'Moyenne', '2024-12-18', '2025-01-02', 33, NULL),
(194, 33, 6, 'Partie oncle travailler mal bas pain colon.', 'À faire', 'Haute', '2025-11-04', '2025-11-07', 78, NULL),
(195, 33, 11, 'Billet mort commencement soldat afin de soulever imposer exécuter.', 'En revue', 'Haute', '2025-10-31', '2025-11-10', 67, NULL),
(196, 9, 2, 'Course liberté tache sable ça prévenir.', 'Terminée', 'Moyenne', '2025-10-18', '2025-11-15', 20, 21.26),
(197, 57, 18, 'Arrêter certainement ne donner fonction sept naturellement.', 'Terminée', 'Moyenne', '2025-02-19', '2025-03-17', 28, 29.59),
(198, 51, 18, 'Moi d''abord fille repousser demain entraîner nouveau.', 'Terminée', 'Moyenne', '2025-10-31', '2025-11-10', 45, 43.44),
(199, 82, 20, 'Officier violent leur.', 'Terminée', 'Haute', '2025-11-21', '2025-12-07', 35, 33.02),
(200, 84, 7, 'Continuer ce taille.', 'À faire', 'Basse', '2024-11-03', '2024-11-14', 68, NULL),
(201, 34, 7, 'Particulier oublier président subir brusquement.', 'En cours', 'Basse', '2025-11-03', '2025-11-28', 8, 2.42),
(202, 84, 11, 'Allumer prison longtemps corps monde fil.', 'À faire', 'Basse', '2025-11-27', '2025-12-11', 60, NULL),
(203, 55, 7, 'Propre chaleur brusquement bas passé.', 'En revue', 'Basse', '2025-09-17', '2025-10-14', 30, NULL),
(204, 22, 4, 'Armer nu justice chaîne ce militaire.', 'À faire', 'Basse', '2025-05-31', '2025-06-19', 8, NULL),
(205, 32, 1, 'Soirée montrer ci espace danger fou jouer.', 'À faire', 'Basse', '2025-06-08', '2025-06-18', 49, NULL),
(206, 76, 7, 'Accuser perte haine particulier vous sombre coucher servir.', 'En cours', 'Haute', '2025-09-03', '2025-09-11', 19, 7.79),
(207, 27, 15, 'Grâce camarade serrer regard.', 'En cours', 'Haute', '2024-12-29', '2025-01-09', 51, 39.78),
(208, 73, 15, 'Roche sûr sauter groupe interrompre.', 'En revue', 'Basse', '2025-11-30', '2025-12-08', 35, NULL),
(209, 12, 13, 'Souffrir atteindre conclure.', 'En revue', 'Basse', '2025-11-03', '2025-11-07', 26, NULL),
(210, 50, 10, 'Autorité briser beaucoup claire.', 'En revue', 'Basse', '2025-08-19', '2025-09-10', 68, NULL),
(211, 78, 10, 'Fin faire hors recommencer chef ouvert membre.', 'En cours', 'Basse', '2024-06-11', '2024-07-11', 49, 28.53),
(212, 54, 2, 'Drôle froid commander devoir.', 'Terminée', 'Moyenne', '2025-05-11', '2025-06-07', 4, 3.96),
(213, 71, 4, 'Supérieur marquer convenir ouvert avenir reprendre regarder arbre.', 'En cours', 'Basse', '2025-11-28', '2025-12-20', 5, 2.8),
(214, 82, 8, 'Renverser voyage lien inviter suffire.', 'En revue', 'Moyenne', '2024-12-07', '2024-12-08', 15, NULL),
(215, 76, 15, 'Unique an celui sein parler.', 'À faire', 'Haute', '2025-03-03', '2025-03-16', 67, NULL),
(216, 1, 6, 'Vieux vous figure accomplir.', 'En cours', 'Moyenne', '2025-07-02', '2025-07-03', 14, 10.23),
(217, 79, 14, 'Lier lequel vraiment musique par attirer présent part.', 'Terminée', 'Moyenne', '2025-01-22', '2025-02-11', 48, 59.64),
(218, 16, 20, 'Ordre proposer important esprit.', 'En revue', 'Moyenne', '2025-10-13', '2025-11-05', 19, NULL),
(219, 88, 1, 'Billet violent révolution moi.', 'Terminée', 'Moyenne', '2025-05-03', '2025-05-10', 50, 61.9),
(220, 43, 8, 'Terreur seigneur santé.', 'À faire', 'Haute', '2025-10-10', '2025-11-07', 60, NULL),
(221, 99, 13, 'Écraser puis oiseau.', 'Terminée', 'Basse', '2025-05-25', '2025-06-03', 23, 18.89),
(222, 76, 7, 'Arrivée coin rapporter baisser.', 'En cours', 'Haute', '2025-03-04', '2025-04-02', 26, 19.19),
(223, 36, 15, 'Porte voir suivant joindre étranger ne.', 'À faire', 'Moyenne', '2024-02-23', '2024-03-19', 65, NULL),
(224, 71, 14, 'Inventer habitant caresser entendre entourer éprouver.', 'À faire', 'Basse', '2025-11-27', '2025-12-10', 80, NULL),
(225, 18, 4, 'Sourd devant rang sur souhaiter gagner.', 'En revue', 'Moyenne', '2025-04-26', '2025-05-07', 65, NULL),
(226, 36, 10, 'Fauteuil ce promener pensée.', 'Terminée', 'Basse', '2024-09-05', '2024-09-08', 33, 38.06),
(227, 70, 17, 'Rare beaux placer trois blanc souvenir.', 'Terminée', 'Moyenne', '2025-11-10', '2025-12-10', 69, 69.22),
(228, 31, 14, 'Où fin rapide énorme.', 'En cours', 'Moyenne', '2025-12-07', '2026-01-04', 40, 7.11),
(229, 15, 14, 'Inventer suivant vêtement chute taire.', 'En cours', 'Haute', '2025-10-01', '2025-10-17', 70, 13.2),
(230, 64, 12, 'Bras éclat difficile blond coucher bien.', 'En cours', 'Basse', '2024-09-09', '2024-09-28', 59, 44.98),
(231, 91, 9, 'Militaire échapper faute elle certainement.', 'Terminée', 'Basse', '2025-08-08', '2025-08-28', 63, 57.38),
(232, 62, 18, 'Compte craindre anglais nature.', 'Terminée', 'Moyenne', '2025-06-06', '2025-07-05', 66, 79.48),
(233, 96, 17, 'Livrer venir souhaiter mieux.', 'En revue', 'Basse', '2025-11-12', '2025-11-17', 31, NULL),
(234, 35, 17, 'Inquiétude bataille combat aussi rentrer gens.', 'À faire', 'Haute', '2025-10-15', '2025-11-04', 47, NULL),
(235, 6, 19, 'Chiffre veille mauvais.', 'À faire', 'Haute', '2025-07-23', '2025-08-10', 34, NULL),
(236, 14, 20, 'Cinq attaquer étroit.', 'À faire', 'Moyenne', '2025-10-15', '2025-11-12', 29, NULL),
(237, 94, 3, 'École traîner apercevoir public.', 'En revue', 'Basse', '2025-08-15', '2025-09-13', 18, NULL),
(238, 7, 12, 'Réveiller résultat cour haut.', 'À faire', 'Moyenne', '2025-12-10', '2025-12-13', 34, NULL),
(239, 33, 8, 'D''Autres répandre après liberté.', 'Terminée', 'Basse', '2025-09-04', '2025-09-14', 64, 52.15),
(240, 89, 9, 'Écrire visible recevoir neuf.', 'En revue', 'Basse', '2025-05-05', '2025-05-15', 17, NULL),
(241, 85, 9, 'Auprès courant contraire haine attacher preuve nécessaire sable.', 'En cours', 'Haute', '2025-06-24', '2025-07-23', 79, 57.44),
(242, 71, 5, 'Peser sein achever.', 'En revue', 'Basse', '2024-11-28', '2024-12-14', 10, NULL),
(243, 72, 13, 'Noir lueur vers rang printemps foule celui monter.', 'En revue', 'Basse', '2025-11-26', '2025-12-18', 11, NULL),
(244, 71, 8, 'Moindre refuser peser beauté.', 'En revue', 'Moyenne', '2025-04-30', '2025-05-27', 33, NULL),
(245, 55, 10, 'Énergie attention pointe paupière masse vague.', 'En revue', 'Moyenne', '2025-11-28', '2025-12-12', 73, NULL),
(246, 59, 5, 'Trouver mois traverser qui ensemble.', 'En cours', 'Haute', '2025-11-14', '2025-11-25', 12, 6.18),
(247, 46, 11, 'Calme précieux sauvage comme problème prêt prêter.', 'À faire', 'Basse', '2025-12-04', '2025-12-13', 17, NULL),
(248, 16, 14, 'Assurer rentrer interroger gloire même à nuage.', 'En revue', 'Haute', '2025-07-22', '2025-07-26', 35, NULL),
(249, 50, 18, 'Répandre simple voir français contre.', 'À faire', 'Moyenne', '2025-06-16', '2025-06-20', 28, NULL),
(250, 55, 19, 'Grand parler obliger instant décider.', 'En cours', 'Basse', '2025-09-17', '2025-09-28', 80, 13.42),
(251, 64, 9, 'Jour dur faim militaire croire dont composer.', 'En revue', 'Moyenne', '2025-10-07', '2025-10-17', 26, NULL),
(252, 51, 12, 'Plein tenter jeune mémoire pousser triste réduire.', 'En revue', 'Basse', '2025-09-13', '2025-09-25', 77, NULL),
(253, 83, 8, 'Frais penser soudain fonction bande inconnu faveur bout.', 'Terminée', 'Basse', '2025-06-06', '2025-06-07', 70, 73.0),
(254, 43, 17, 'Nouveau nom apparence français conduire maladie.', 'En cours', 'Moyenne', '2025-08-12', '2025-09-04', 29, 9.83),
(255, 95, 18, 'Principe plan ensuite passer juger.', 'Terminée', 'Basse', '2025-04-20', '2025-04-30', 62, 59.37),
(256, 45, 1, 'Recueillir sec grâce habiller dur vendre geste.', 'En revue', 'Haute', '2025-11-25', '2025-12-09', 7, NULL),
(257, 61, 13, 'Auteur auteur oh relation précipiter entourer.', 'À faire', 'Haute', '2024-11-16', '2024-11-21', 19, NULL),
(258, 47, 20, 'Apprendre choisir jeter printemps franchir fonction.', 'En cours', 'Haute', '2024-03-16', '2024-04-14', 50, 31.28),
(259, 34, 15, 'Rire intéresser tour obtenir plein.', 'En revue', 'Haute', '2025-11-29', '2025-11-30', 79, NULL),
(260, 98, 15, 'Fenêtre voiture cesser.', 'À faire', 'Haute', '2025-07-13', '2025-07-15', 78, NULL),
(261, 48, 5, 'Affirmer gens étonner endormir seul passé.', 'Terminée', 'Basse', '2025-01-03', '2025-01-15', 60, 59.22),
(262, 38, 13, 'Finir droit dernier résultat sujet.', 'Terminée', 'Moyenne', '2024-10-23', '2024-10-29', 70, 80.44),
(263, 39, 17, 'Flot nourrir moyen entendre.', 'En cours', 'Haute', '2025-03-07', '2025-03-09', 43, 26.06),
(264, 98, 7, 'Fait ensemble distance faveur subir saison.', 'En revue', 'Basse', '2025-07-08', '2025-07-15', 9, NULL),
(265, 81, 17, 'Mien lune mêler annoncer sommet chair.', 'Terminée', 'Moyenne', '2025-09-16', '2025-10-08', 78, 66.66),
(266, 71, 10, 'Oublier effort ancien le.', 'En cours', 'Haute', '2024-08-15', '2024-09-13', 41, 16.93),
(267, 93, 12, 'Bonheur portier voisin apprendre retomber.', 'En revue', 'Moyenne', '2024-10-02', '2024-11-01', 7, NULL),
(268, 72, 9, 'Vent portier jour souvenir remercier.', 'À faire', 'Basse', '2025-11-22', '2025-11-29', 57, NULL),
(269, 3, 7, 'Combien plaindre importance quant à fleur signifier.', 'Terminée', 'Haute', '2025-02-27', '2025-03-20', 13, 16.76),
(270, 49, 11, 'Tirer chiffre inviter enfin gens.', 'En revue', 'Moyenne', '2024-12-29', '2025-01-03', 20, NULL),
(271, 97, 12, 'Consulter masse digne froid.', 'En revue', 'Haute', '2025-01-14', '2025-02-07', 51, NULL),
(272, 75, 6, 'Faim jardin matin relation fine lequel intérieur.', 'En cours', 'Moyenne', '2025-04-22', '2025-05-07', 36, 25.82),
(273, 92, 12, 'Début père difficile révéler écarter obtenir.', 'Terminée', 'Haute', '2025-03-25', '2025-04-22', 57, 50.96),
(274, 61, 7, 'Profiter vivant passé comme général dresser séparer.', 'En revue', 'Moyenne', '2025-08-31', '2025-09-07', 10, NULL),
(275, 99, 13, 'En soumettre couleur être frais agent.', 'Terminée', 'Haute', '2025-04-28', '2025-05-14', 21, 25.32),
(276, 91, 16, 'Demande gens poste.', 'En revue', 'Basse', '2025-05-16', '2025-05-22', 12, NULL),
(277, 62, 5, 'Terme crise beaux tout guère.', 'Terminée', 'Moyenne', '2025-06-06', '2025-07-05', 9, 10.18),
(278, 2, 1, 'Me fruit proposer rose cinq.', 'Terminée', 'Haute', '2025-10-30', '2025-10-31', 64, 77.63),
(279, 18, 4, 'Autrefois répandre lendemain.', 'En cours', 'Haute', '2025-04-24', '2025-04-28', 27, 13.71),
(280, 59, 16, 'Beaux continuer fou gauche.', 'Terminée', 'Haute', '2025-05-26', '2025-06-16', 79, 78.11),
(281, 29, 2, 'Rester raison confondre fenêtre.', 'En revue', 'Moyenne', '2025-09-26', '2025-10-16', 68, NULL),
(282, 51, 3, 'Droite accent semaine chaque perdu taire.', 'À faire', 'Basse', '2025-10-22', '2025-11-19', 51, NULL),
(283, 10, 16, 'Retrouver accent corps désormais cacher.', 'En cours', 'Basse', '2024-05-29', '2024-06-15', 8, 2.23),
(284, 40, 7, 'Répondre million consulter fidèle.', 'Terminée', 'Haute', '2025-05-01', '2025-05-05', 20, 25.59),
(285, 6, 11, 'Avant d''autres défendre quartier baisser fleur respecter.', 'En cours', 'Moyenne', '2025-07-08', '2025-07-30', 54, 15.71),
(286, 57, 11, 'Recherche protéger bon étrange travail.', 'En revue', 'Basse', '2025-09-08', '2025-10-04', 63, NULL),
(287, 28, 14, 'Impression toi espèce signer briller ailleurs si voiture.', 'À faire', 'Basse', '2025-03-18', '2025-04-02', 28, NULL),
(288, 64, 3, 'Casser épaule oiseau état.', 'Terminée', 'Basse', '2025-02-23', '2025-03-05', 57, 65.5),
(289, 61, 10, 'Assurer accorder force simple flamme transformer risquer vouloir.', 'En revue', 'Moyenne', '2024-11-13', '2024-11-28', 64, NULL),
(290, 100, 4, 'Appel carte grand signer convenir.', 'À faire', 'Basse', '2025-06-19', '2025-06-28', 13, NULL),
(291, 39, 14, 'Avis fils exister ennemi argent.', 'Terminée', 'Basse', '2024-12-27', '2025-01-17', 73, 61.15),
(292, 7, 10, 'Naturel voler contenter près.', 'Terminée', 'Haute', '2025-12-09', '2026-01-06', 26, 33.35),
(293, 19, 13, 'Blanc sourd politique terme autant souvenir.', 'En revue', 'Basse', '2025-07-09', '2025-07-16', 45, NULL),
(294, 76, 14, 'Direction écouter acheter puissant masse cercle montagne.', 'En cours', 'Basse', '2025-09-10', '2025-09-20', 21, 9.29),
(295, 88, 16, 'Ministre nation après pitié être droit.', 'En cours', 'Basse', '2025-02-28', '2025-03-12', 35, 10.87),
(296, 98, 1, 'Crise monde quoi gens lit garder.', 'En cours', 'Moyenne', '2025-07-07', '2025-07-18', 52, 35.46),
(297, 77, 3, 'Société supposer éloigner prison professeur etc.', 'En cours', 'Haute', '2025-06-18', '2025-06-20', 35, 6.07),
(298, 28, 8, 'Arme élément jeune nation fermer.', 'À faire', 'Moyenne', '2024-10-19', '2024-11-18', 31, NULL),
(299, 74, 6, 'Projet dire cou presser regard sauver race.', 'En cours', 'Moyenne', '2025-07-01', '2025-07-17', 55, 24.47),
(300, 5, 5, 'Fin tout jeunesse membre triste tellement.', 'En cours', 'Moyenne', '2025-05-11', '2025-06-07', 21, 9.32),
(301, 7, 2, 'Crier fixer odeur vivant nul feuille.', 'À faire', 'Moyenne', '2025-12-08', '2025-12-20', 40, NULL),
(302, 44, 10, 'Moyen pouvoir naturel courir plus désir.', 'Terminée', 'Moyenne', '2025-09-17', '2025-10-08', 78, 91.32),
(303, 62, 19, 'Seigneur chair exposer flot heure depuis.', 'En revue', 'Haute', '2025-01-03', '2025-01-08', 6, NULL),
(304, 69, 8, 'Prix direction beaucoup tombe frère bientôt désert.', 'À faire', 'Basse', '2024-10-17', '2024-11-11', 34, NULL),
(305, 99, 14, 'Impossible sien discussion ajouter toujours bon.', 'En cours', 'Haute', '2025-08-01', '2025-08-19', 53, 24.98),
(306, 38, 6, 'Asseoir phrase réunir comme éteindre allumer appuyer.', 'En cours', 'Moyenne', '2025-05-13', '2025-06-03', 30, 17.04),
(307, 83, 4, 'Jamais entier respecter.', 'En revue', 'Haute', '2025-06-08', '2025-07-03', 75, NULL),
(308, 75, 17, 'Rester arrivée certain sentiment y.', 'En cours', 'Haute', '2025-11-12', '2025-12-04', 45, 15.91),
(309, 24, 2, 'Paquet pauvre petit yeux oncle rond.', 'En cours', 'Basse', '2025-09-17', '2025-09-29', 70, 47.26),
(310, 54, 14, 'Gens enlever ennemi signer choisir retourner fer.', 'Terminée', 'Haute', '2025-11-29', '2025-12-11', 62, 55.39),
(311, 78, 10, 'Cruel milieu avouer attaquer mentir faim déclarer.', 'En revue', 'Moyenne', '2024-10-30', '2024-11-13', 11, NULL),
(312, 96, 16, 'Fuir l''une aucun noir.', 'Terminée', 'Basse', '2025-10-19', '2025-10-24', 45, 39.23),
(313, 51, 2, 'Soi cour petit faim.', 'Terminée', 'Haute', '2025-09-16', '2025-09-19', 60, 56.75),
(314, 61, 19, 'Souvent respect intention souhaiter attaquer loin debout interrompre.', 'Terminée', 'Moyenne', '2025-03-04', '2025-03-26', 62, 79.75),
(315, 22, 14, 'Parole saison cesser accrocher semaine éteindre serrer.', 'Terminée', 'Basse', '2025-06-16', '2025-07-05', 39, 32.49),
(316, 40, 20, 'Verser chambre chute.', 'En revue', 'Haute', '2025-07-19', '2025-07-29', 20, NULL),
(317, 61, 9, 'Taille vendre elle justice recueillir nom.', 'À faire', 'Moyenne', '2025-07-19', '2025-07-21', 19, NULL),
(318, 60, 2, 'Jamais partager étranger oncle armer.', 'En revue', 'Basse', '2024-04-20', '2024-05-17', 75, NULL),
(319, 15, 20, 'Penser travail fils divers carte.', 'À faire', 'Moyenne', '2024-08-24', '2024-09-11', 61, NULL),
(320, 60, 2, 'Salle frapper marquer dangereux.', 'Terminée', 'Moyenne', '2025-05-26', '2025-06-10', 22, 18.98),
(321, 32, 7, 'Sûr existence crise haïr d''abord.', 'À faire', 'Haute', '2025-07-06', '2025-07-12', 34, NULL),
(322, 92, 8, 'Conversation bouche précipiter prochain réalité cou pas.', 'À faire', 'Haute', '2025-06-17', '2025-07-17', 42, NULL),
(323, 71, 2, 'Classe vague tout anglais extraordinaire pièce arrivée ci.', 'Terminée', 'Basse', '2024-06-10', '2024-06-17', 47, 42.35),
(324, 42, 20, 'Fumée beau marché l''une forme manier faible.', 'À faire', 'Moyenne', '2025-12-06', '2025-12-31', 51, NULL),
(325, 70, 11, 'Caractère attitude horizon veille pendant voler vieil soumettre.', 'À faire', 'Basse', '2025-02-06', '2025-02-12', 22, NULL),
(326, 34, 18, 'Garde comment complet un profiter.', 'Terminée', 'Haute', '2025-09-25', '2025-10-06', 19, 15.98),
(327, 99, 13, 'Autrement gauche former aide.', 'Terminée', 'Haute', '2025-08-23', '2025-09-11', 73, 66.29),
(328, 6, 7, 'Pays accent entendre seigneur moment représenter besoin.', 'À faire', 'Moyenne', '2025-09-27', '2025-10-12', 36, NULL),
(329, 31, 4, 'Fois parcourir ferme exiger consentir mode neuf réussir.', 'En cours', 'Moyenne', '2025-11-08', '2025-11-15', 50, 16.07),
(330, 17, 15, 'Divers tirer fusil.', 'En cours', 'Haute', '2024-09-11', '2024-09-27', 55, 6.78),
(331, 34, 4, 'Clef imposer dessus bruit dégager.', 'En cours', 'Moyenne', '2025-10-10', '2025-10-26', 28, 15.51),
(332, 23, 18, 'Appartement compte beaux prière quelque.', 'Terminée', 'Haute', '2025-10-03', '2025-11-02', 57, 51.22),
(333, 31, 6, 'Croire découvrir vêtir plaisir.', 'Terminée', 'Basse', '2025-11-21', '2025-12-05', 49, 54.87),
(334, 84, 6, 'Anglais par sous apparaître.', 'En revue', 'Basse', '2025-07-12', '2025-08-10', 15, NULL),
(335, 45, 18, 'Haïr parfaitement haine quelque pouvoir rassurer emmener quarante.', 'En revue', 'Basse', '2025-12-08', '2025-12-21', 30, NULL),
(336, 57, 15, 'Fil maintenir liberté écrire absolument donc.', 'En revue', 'Haute', '2024-11-01', '2024-11-03', 16, NULL),
(337, 53, 19, 'Agir agent vieillard eau.', 'À faire', 'Haute', '2025-01-19', '2025-02-07', 77, NULL),
(338, 51, 9, 'Étrange rejoindre naissance fin quelque inventer.', 'En revue', 'Haute', '2025-11-27', '2025-11-30', 24, NULL),
(339, 70, 8, 'Digne embrasser demain geste.', 'Terminée', 'Moyenne', '2025-07-31', '2025-08-05', 6, 7.53),
(340, 4, 19, 'Animer autre quarante jaune assez.', 'À faire', 'Moyenne', '2025-10-30', '2025-11-01', 34, NULL),
(341, 31, 9, 'Où ensuite couleur lit simple.', 'Terminée', 'Haute', '2025-11-25', '2025-12-02', 11, 13.53),
(342, 64, 3, 'Fine prison sept haut réclamer ensuite professeur.', 'En revue', 'Haute', '2024-12-04', '2025-01-02', 37, NULL),
(343, 24, 7, 'Certes enfermer six vite éprouver monde.', 'En cours', 'Haute', '2024-12-16', '2025-01-04', 70, 54.51),
(344, 65, 14, 'Surprendre long lune pur grand geste.', 'En cours', 'Basse', '2025-10-03', '2025-10-20', 27, 3.88),
(345, 48, 16, 'Empire ventre répondre principe vrai permettre.', 'En cours', 'Haute', '2025-12-02', '2025-12-06', 80, 8.39),
(346, 26, 6, 'Représenter poussière céder double accomplir distinguer car observer.', 'En revue', 'Moyenne', '2025-09-16', '2025-09-17', 19, NULL),
(347, 60, 15, 'Bouche ton fumer trembler taire.', 'En cours', 'Moyenne', '2024-03-27', '2024-03-28', 74, 56.67),
(348, 27, 4, 'Dessus sable assurer lui.', 'Terminée', 'Basse', '2025-11-15', '2025-11-30', 31, 40.17),
(349, 67, 2, 'Verser vers quelque homme.', 'À faire', 'Haute', '2025-05-14', '2025-05-31', 11, NULL),
(350, 11, 10, 'Toujours toile passé vraiment rejeter distinguer jusque.', 'En revue', 'Basse', '2025-04-05', '2025-05-01', 77, NULL),
(351, 33, 5, 'Foule oser apercevoir le cerveau commencement remonter.', 'En cours', 'Basse', '2025-04-22', '2025-05-06', 14, 4.3),
(352, 78, 8, 'Mieux épais côté soutenir ici.', 'En revue', 'Basse', '2024-08-29', '2024-09-28', 80, NULL),
(353, 88, 17, 'Vie unique briser figurer.', 'Terminée', 'Basse', '2024-12-06', '2025-01-01', 11, 9.67),
(354, 67, 14, 'Pluie armée grandir supporter.', 'En cours', 'Basse', '2025-12-05', '2025-12-11', 56, 14.73),
(355, 31, 20, 'Paix fusil notre carte lentement ensemble offrir puis.', 'En cours', 'Moyenne', '2025-10-27', '2025-10-28', 64, 47.46),
(356, 96, 3, 'Riche servir bon entrer ajouter.', 'En cours', 'Moyenne', '2025-11-20', '2025-12-19', 74, 50.62),
(357, 40, 16, 'Marché et demande rouge gagner.', 'En cours', 'Haute', '2025-12-10', '2025-12-19', 51, 29.92),
(358, 52, 20, 'Sans rêver diriger.', 'À faire', 'Moyenne', '2025-02-11', '2025-02-22', 48, NULL),
(359, 73, 12, 'Suivre colon animal prévenir sauver famille fin.', 'En cours', 'Basse', '2025-12-03', '2025-12-22', 74, 46.2),
(360, 91, 5, 'Mettre plus quart.', 'À faire', 'Moyenne', '2025-08-31', '2025-09-28', 25, NULL),
(361, 8, 10, 'Nombre subir rouge atteindre conscience devant honte.', 'Terminée', 'Moyenne', '2025-05-11', '2025-05-19', 69, 82.46),
(362, 60, 9, 'Habiller terrible remplacer vivant douleur détacher.', 'En revue', 'Moyenne', '2025-06-01', '2025-06-14', 68, NULL),
(363, 28, 10, 'Puis briller hauteur façon position alors.', 'En revue', 'Basse', '2025-03-08', '2025-03-27', 77, NULL),
(364, 26, 12, 'Cuisine prière loup herbe.', 'En revue', 'Haute', '2025-04-10', '2025-04-28', 16, NULL),
(365, 10, 14, 'Matin supporter haine entrer.', 'En cours', 'Moyenne', '2024-09-07', '2024-10-05', 58, 14.13),
(366, 24, 4, 'Éteindre commencer fixe témoin recommencer masse.', 'Terminée', 'Basse', '2025-03-12', '2025-03-22', 79, 94.58),
(367, 59, 2, 'Trembler placer espace cela objet décider.', 'En cours', 'Haute', '2025-01-27', '2025-01-31', 37, 28.08),
(368, 85, 5, 'Taire temps trou tombe.', 'En revue', 'Haute', '2025-02-01', '2025-02-24', 14, NULL),
(369, 47, 2, 'Mer joue branche tellement.', 'À faire', 'Haute', '2024-04-04', '2024-04-20', 60, NULL),
(370, 14, 20, 'Lequel acte désir désert théâtre.', 'À faire', 'Basse', '2025-05-16', '2025-06-12', 45, NULL),
(371, 2, 5, 'Travailler fonder vite police force.', 'En cours', 'Moyenne', '2025-10-27', '2025-11-14', 29, 20.57),
(372, 24, 17, 'Croiser religion suivre ami relever répondre.', 'En cours', 'Basse', '2025-01-18', '2025-02-02', 53, 23.67),
(373, 20, 1, 'Terme puisque désespoir prendre cabinet consulter.', 'Terminée', 'Basse', '2024-11-02', '2024-11-04', 55, 66.76),
(374, 93, 14, 'Fois frapper place as sonner fille voyager salut.', 'Terminée', 'Haute', '2025-11-04', '2025-11-13', 64, 81.97),
(375, 33, 2, 'Rejeter entier chemise poursuivre non instinct saisir.', 'À faire', 'Moyenne', '2025-05-18', '2025-06-15', 79, NULL),
(376, 100, 9, 'Marcher colère notre miser.', 'En cours', 'Basse', '2025-11-19', '2025-12-13', 25, 4.49),
(377, 13, 5, 'Témoin page mentir froid permettre exposer instinct qualité.', 'À faire', 'Haute', '2025-05-31', '2025-06-03', 58, NULL),
(378, 24, 9, 'Croix mener poche savoir maintenant grand parent.', 'À faire', 'Haute', '2024-06-22', '2024-06-30', 75, NULL),
(379, 17, 17, 'Magnifique regretter satisfaire séparer véritable complètement ancien.', 'À faire', 'Haute', '2025-07-04', '2025-07-10', 71, NULL),
(380, 49, 16, 'Hier sauver valeur sourd fonder noire décider.', 'En cours', 'Haute', '2025-11-15', '2025-11-22', 40, 28.82),
(381, 8, 17, 'Donner tandis que fête maintenir.', 'En revue', 'Basse', '2025-09-02', '2025-10-02', 51, NULL),
(382, 76, 5, 'Partir témoin prier demander masse à poitrine.', 'En revue', 'Moyenne', '2025-02-25', '2025-03-24', 4, NULL),
(383, 21, 13, 'Chose mériter autrement aide portier juste tenter.', 'Terminée', 'Haute', '2025-07-02', '2025-07-11', 43, 36.42),
(384, 63, 13, 'Supposer accrocher renoncer planche.', 'Terminée', 'Haute', '2025-11-16', '2025-12-02', 77, 87.0),
(385, 93, 6, 'Faible voilà vif.', 'En cours', 'Basse', '2025-10-22', '2025-10-27', 35, 27.63),
(386, 87, 5, 'Repousser rentrer qui tenter plein savoir.', 'En revue', 'Moyenne', '2024-07-08', '2024-07-15', 70, NULL),
(387, 39, 4, 'Compagnie discours sous présent.', 'À faire', 'Haute', '2025-05-07', '2025-05-14', 80, NULL),
(388, 26, 13, 'Petit ici retourner trait.', 'En revue', 'Haute', '2025-09-26', '2025-10-16', 61, NULL),
(389, 81, 19, 'Étendre fort foi mon adresser.', 'Terminée', 'Moyenne', '2025-04-22', '2025-05-21', 50, 46.34),
(390, 42, 8, 'Groupe simplement est franc image.', 'En revue', 'Moyenne', '2025-12-10', '2025-12-29', 68, NULL),
(391, 61, 14, 'Fort près seigneur même depuis gauche.', 'En cours', 'Moyenne', '2025-10-21', '2025-11-09', 71, 44.55),
(392, 14, 20, 'Bande poser alors pied premier.', 'À faire', 'Moyenne', '2025-01-19', '2025-02-17', 41, NULL),
(393, 46, 13, 'Haut précipiter delà surveiller espérer.', 'En cours', 'Haute', '2025-12-01', '2025-12-03', 48, 30.77),
(394, 72, 12, 'Docteur animer prince préparer lendemain baisser puisque certain.', 'En revue', 'Haute', '2025-11-30', '2025-12-12', 79, NULL),
(395, 91, 6, 'Cesse maison oncle couvrir nécessaire ligne.', 'En revue', 'Moyenne', '2025-06-15', '2025-06-22', 24, NULL),
(396, 82, 6, 'Présent y double interroger agiter couper.', 'Terminée', 'Moyenne', '2024-12-07', '2025-01-02', 42, 39.27),
(397, 62, 10, 'Or annoncer maître animal chanter.', 'En cours', 'Haute', '2025-03-25', '2025-04-01', 60, 16.2),
(398, 94, 16, 'Journal or effet manger jambe.', 'En cours', 'Moyenne', '2025-09-03', '2025-09-12', 56, 26.15),
(399, 24, 8, 'Calmer cour garçon le corps nombre dent.', 'À faire', 'Moyenne', '2024-05-10', '2024-05-29', 25, NULL),
(400, 62, 8, 'Ouvrir armée sueur campagne cuisine banc.', 'À faire', 'Haute', '2024-12-27', '2025-01-26', 31, NULL),
(401, 99, 11, 'Emmener gloire image croiser.', 'En cours', 'Basse', '2025-03-31', '2025-04-17', 74, 37.91),
(402, 27, 17, 'Nature charger fixe mille.', 'En cours', 'Basse', '2025-09-05', '2025-09-18', 15, 3.85),
(403, 31, 6, 'Cesser naissance crainte vent baisser espérer bas.', 'Terminée', 'Haute', '2025-10-25', '2025-11-12', 65, 54.99),
(404, 40, 7, 'Recevoir échapper drame foule.', 'En revue', 'Haute', '2024-11-14', '2024-12-04', 22, NULL),
(405, 61, 16, 'Nez hasard nouveau nom blanc.', 'En revue', 'Haute', '2025-07-07', '2025-07-30', 51, NULL),
(406, 44, 8, 'Apporter de membre.', 'En revue', 'Moyenne', '2025-08-27', '2025-09-25', 78, NULL),
(407, 27, 12, 'Admettre puis contre.', 'À faire', 'Moyenne', '2024-07-04', '2024-07-31', 22, NULL),
(408, 10, 20, 'Lever composer parce que elle ramener rayon.', 'En cours', 'Haute', '2025-08-11', '2025-08-31', 58, 39.47),
(409, 3, 1, 'Que autre chaque question donner.', 'Terminée', 'Moyenne', '2025-10-12', '2025-10-27', 49, 47.0),
(410, 8, 13, 'Hier ramasser bleu vent théâtre devoir question.', 'En revue', 'Haute', '2025-06-21', '2025-07-15', 13, NULL),
(411, 84, 11, 'Couvrir nu creuser pluie.', 'En revue', 'Basse', '2025-02-24', '2025-03-04', 36, NULL),
(412, 65, 3, 'Vision reculer repas raison.', 'À faire', 'Basse', '2025-11-15', '2025-11-30', 79, NULL),
(413, 59, 20, 'Renverser existence manquer dent charger commun petit.', 'Terminée', 'Haute', '2024-09-29', '2024-10-05', 14, 12.79),
(414, 56, 4, 'Article allumer cacher est.', 'Terminée', 'Basse', '2025-11-29', '2025-12-24', 52, 49.99),
(415, 34, 13, 'Accrocher beau même manier milieu sembler vaincre moins.', 'En cours', 'Basse', '2025-08-08', '2025-08-31', 39, 4.02),
(416, 42, 10, 'Tendre an aucun nature souffrance pluie.', 'En revue', 'Haute', '2025-10-29', '2025-11-24', 65, NULL),
(417, 21, 11, 'Désespoir matin animer.', 'En revue', 'Basse', '2025-03-24', '2025-03-29', 38, NULL),
(418, 24, 18, 'Soleil condamner quelque.', 'En cours', 'Basse', '2025-01-10', '2025-02-04', 50, 33.88),
(419, 6, 4, 'Terreur arracher cou recherche.', 'À faire', 'Basse', '2025-11-20', '2025-11-23', 30, NULL),
(420, 11, 16, 'Comment compagnie soldat oeil.', 'Terminée', 'Basse', '2025-04-08', '2025-04-30', 59, 56.01),
(421, 33, 18, 'Mémoire rejeter seul.', 'En revue', 'Basse', '2025-09-24', '2025-10-01', 55, NULL),
(422, 55, 3, 'Où quitter poussière comme naturellement pleurer signifier.', 'À faire', 'Basse', '2025-08-10', '2025-08-17', 55, NULL),
(423, 51, 15, 'Devoir mariage comme traiter emporter.', 'À faire', 'Basse', '2025-09-22', '2025-10-06', 52, NULL),
(424, 37, 19, 'Existence lit chose quelque moment rare moindre.', 'Terminée', 'Basse', '2025-11-24', '2025-12-10', 62, 53.31),
(425, 29, 9, 'Deux nez beau nourrir.', 'En cours', 'Moyenne', '2025-08-28', '2025-09-10', 6, 1.98),
(426, 65, 8, 'Respecter ensuite papa caresser loi courir.', 'Terminée', 'Moyenne', '2025-10-26', '2025-11-20', 38, 37.52),
(427, 37, 12, 'Bord révolution amener maintenant.', 'Terminée', 'Haute', '2025-11-05', '2025-12-05', 65, 79.09),
(428, 9, 16, 'Quelqu''Un monter aussitôt allumer.', 'À faire', 'Moyenne', '2025-11-16', '2025-11-24', 75, NULL),
(429, 56, 6, 'Vivant parmi art enfant.', 'À faire', 'Haute', '2025-07-30', '2025-08-05', 52, NULL),
(430, 8, 18, 'Lendemain consulter dégager liberté menacer meilleur année.', 'En cours', 'Moyenne', '2025-10-20', '2025-10-27', 78, 46.95),
(431, 86, 18, 'Droit demande libre mourir.', 'En cours', 'Haute', '2025-05-15', '2025-06-05', 75, 15.72),
(432, 30, 8, 'Accrocher surprendre vin signer ville disposer afin de.', 'À faire', 'Haute', '2025-01-11', '2025-02-04', 80, NULL),
(433, 93, 9, 'Désespoir petit brûler défendre fenêtre pousser exiger.', 'En cours', 'Basse', '2024-09-13', '2024-09-30', 76, 15.74),
(434, 92, 14, 'Papier ventre réponse reculer également.', 'À faire', 'Moyenne', '2025-06-15', '2025-06-20', 21, NULL),
(435, 1, 17, 'Construire midi engager demi voyager vert rare.', 'En revue', 'Haute', '2024-06-20', '2024-07-16', 53, NULL),
(436, 71, 18, 'Campagne indiquer voix dix port rendre.', 'À faire', 'Haute', '2025-03-31', '2025-04-10', 25, NULL),
(437, 83, 1, 'Envelopper vraiment glace retour.', 'En revue', 'Basse', '2025-11-02', '2025-12-02', 35, NULL),
(438, 58, 15, 'Pousser car vous lune colon entier nommer.', 'À faire', 'Haute', '2025-04-14', '2025-04-30', 67, NULL),
(439, 13, 12, 'Lèvre leur faim regretter oublier.', 'Terminée', 'Haute', '2025-03-13', '2025-03-29', 71, 66.3),
(440, 75, 3, 'As regard affirmer commencer douter fait.', 'Terminée', 'Basse', '2025-11-08', '2025-11-11', 21, 23.85),
(441, 56, 1, 'Rencontrer paysage moyen fine selon résultat remonter rire.', 'Terminée', 'Basse', '2025-07-29', '2025-08-28', 12, 11.47),
(442, 27, 19, 'Rapidement d''autres appartement perte décrire travers douze.', 'En cours', 'Basse', '2024-10-16', '2024-10-20', 17, 4.67),
(443, 38, 4, 'Ramener dangereux lui geste joue.', 'En cours', 'Moyenne', '2025-07-18', '2025-08-12', 35, 25.78),
(444, 9, 17, 'Secrétaire oncle voici choisir ignorer aussitôt.', 'Terminée', 'Basse', '2025-07-07', '2025-07-09', 56, 45.65),
(445, 25, 18, 'Voler oser profiter engager reconnaître sec.', 'En revue', 'Basse', '2025-06-04', '2025-06-11', 22, NULL),
(446, 55, 16, 'Six lit poète.', 'En revue', 'Haute', '2025-10-30', '2025-11-13', 54, NULL),
(447, 26, 3, 'Erreur libre aucun signifier bientôt aimer entrée paraître.', 'À faire', 'Basse', '2025-06-27', '2025-07-14', 18, NULL),
(448, 9, 18, 'Mince commencer étaler étonner grand savoir afin de.', 'En revue', 'Basse', '2025-11-05', '2025-12-01', 23, NULL),
(449, 58, 2, 'Sang plaine défendre.', 'À faire', 'Moyenne', '2024-09-15', '2024-09-17', 39, NULL),
(450, 19, 14, 'Arrière traiter colon paysan peser victime.', 'À faire', 'Basse', '2025-11-19', '2025-12-16', 75, NULL),
(451, 89, 6, 'Français papa frère eau animal discuter même.', 'En cours', 'Basse', '2025-04-30', '2025-05-13', 80, 14.16),
(452, 81, 1, 'Agiter plonger acheter lien vague suffire.', 'À faire', 'Basse', '2025-06-18', '2025-06-21', 33, NULL),
(453, 15, 15, 'État prière docteur envelopper non.', 'Terminée', 'Moyenne', '2025-09-01', '2025-09-08', 39, 49.89),
(454, 9, 5, 'Cheveu courant calme posséder tout qui après prouver.', 'En cours', 'Haute', '2025-11-27', '2025-12-13', 17, 10.47),
(455, 2, 18, 'Vent brûler étudier mettre fixer amuser.', 'Terminée', 'Moyenne', '2025-11-10', '2025-11-13', 59, 63.26),
(456, 45, 5, 'Avec briller côte honneur avancer affirmer abri.', 'Terminée', 'Haute', '2025-11-17', '2025-12-11', 10, 8.56),
(457, 86, 10, 'Idée remplir beaux jardin.', 'Terminée', 'Haute', '2025-02-06', '2025-03-07', 78, 87.86),
(458, 18, 8, 'Obéir sauver éloigner contre pareil plus vrai ombre.', 'En revue', 'Haute', '2025-03-21', '2025-03-30', 18, NULL),
(459, 69, 15, 'Plaindre peuple sans larme.', 'En revue', 'Basse', '2024-07-28', '2024-08-04', 47, NULL),
(460, 85, 12, 'Tout sourire installer dix ajouter choix.', 'En cours', 'Haute', '2024-12-19', '2025-01-04', 23, 5.94),
(461, 40, 20, 'Nommer bien de garde savoir.', 'En revue', 'Moyenne', '2024-10-21', '2024-10-28', 21, NULL),
(462, 29, 7, 'Atteindre cinq chance détacher caractère parfaitement eaux.', 'À faire', 'Moyenne', '2025-11-01', '2025-11-11', 31, NULL),
(463, 81, 1, 'Lorsque solitude finir au grain dehors forcer.', 'À faire', 'Haute', '2025-05-30', '2025-06-24', 9, NULL),
(464, 43, 1, 'Art acte succès vie longtemps derrière.', 'Terminée', 'Moyenne', '2025-08-17', '2025-08-30', 31, 29.86),
(465, 59, 16, 'Lèvre vêtement distinguer ah.', 'À faire', 'Haute', '2025-08-09', '2025-08-23', 15, NULL),
(466, 46, 19, 'Étranger jardin payer animal abandonner.', 'En cours', 'Basse', '2025-10-26', '2025-11-09', 37, 7.71),
(467, 8, 18, 'Tout situation jouer pouvoir nouveau.', 'En cours', 'Moyenne', '2025-08-15', '2025-08-30', 27, 6.82),
(468, 24, 20, 'Sans haïr dos fixer vue rose.', 'À faire', 'Haute', '2024-04-01', '2024-04-20', 21, NULL),
(469, 100, 6, 'Notre leur ah discuter plonger juge idée.', 'Terminée', 'Haute', '2025-02-07', '2025-02-27', 54, 48.12),
(470, 100, 11, 'Rose pas complet fonder prix ni.', 'En revue', 'Haute', '2025-10-15', '2025-10-28', 13, NULL),
(471, 87, 10, 'Chaque politique surveiller juge.', 'En cours', 'Basse', '2025-02-25', '2025-03-14', 35, 17.09),
(472, 27, 14, 'Droite groupe prononcer naissance nord anglais.', 'En cours', 'Moyenne', '2025-10-22', '2025-10-24', 71, 12.63),
(473, 9, 6, 'Comme champ particulier emporter pénétrer peur vers.', 'En revue', 'Haute', '2025-07-29', '2025-08-08', 55, NULL),
(474, 75, 16, 'Monsieur proposer billet auprès.', 'Terminée', 'Haute', '2025-05-27', '2025-06-26', 29, 34.36),
(475, 45, 7, 'Herbe père et éviter marché plutôt voiture curieux.', 'En cours', 'Basse', '2025-11-19', '2025-12-03', 74, 12.21),
(476, 41, 20, 'Vivre toi envie sauvage.', 'En cours', 'Basse', '2025-05-02', '2025-05-03', 36, 25.33),
(477, 67, 17, 'Lèvre poids sein répondre falloir enlever chaud neuf.', 'Terminée', 'Basse', '2025-11-05', '2025-12-02', 31, 38.31),
(478, 87, 13, 'Midi vérité guerre chasser.', 'Terminée', 'Basse', '2024-07-31', '2024-08-24', 46, 53.09),
(479, 40, 7, 'Après changer cesse son.', 'En revue', 'Haute', '2024-11-08', '2024-11-29', 8, NULL),
(480, 2, 14, 'Renoncer désespoir autre conseil lieu.', 'En cours', 'Haute', '2025-10-30', '2025-11-25', 47, 5.68),
(481, 83, 3, 'Quarante couvrir accord adresser construire conversation.', 'En revue', 'Moyenne', '2025-11-13', '2025-11-18', 34, NULL),
(482, 96, 18, 'Appartenir pain bout soumettre ramasser croire.', 'Terminée', 'Basse', '2025-07-28', '2025-07-31', 48, 42.84),
(483, 63, 13, 'Acheter connaissance propre.', 'À faire', 'Moyenne', '2025-10-14', '2025-10-28', 30, NULL),
(484, 98, 16, 'Argent forêt attaquer peu roche.', 'Terminée', 'Moyenne', '2025-07-30', '2025-08-05', 74, 59.42),
(485, 74, 1, 'Approcher suffire an interrompre ce.', 'En cours', 'Haute', '2025-02-10', '2025-02-17', 37, 24.15),
(486, 64, 14, 'Acheter dessus verser.', 'Terminée', 'Moyenne', '2025-05-30', '2025-06-25', 64, 61.99),
(487, 58, 1, 'Avec si respecter sueur résistance lisser.', 'Terminée', 'Haute', '2025-02-10', '2025-03-01', 7, 8.92),
(488, 79, 12, 'Réunir toile car chaque résistance.', 'À faire', 'Moyenne', '2025-03-02', '2025-03-08', 32, NULL),
(489, 77, 14, 'Jouer importance réclamer loi espérer inutile prochain.', 'En revue', 'Moyenne', '2025-01-09', '2025-01-30', 66, NULL),
(490, 46, 18, 'Plaindre figurer donner rien y empire éclat habiller.', 'Terminée', 'Moyenne', '2025-10-21', '2025-11-16', 30, 32.11),
(491, 68, 12, 'Énergie deviner rien mer seulement convenir conclure.', 'En cours', 'Moyenne', '2024-08-15', '2024-08-26', 35, 14.05),
(492, 55, 15, 'Creuser qui quand beau conclure également lequel.', 'En cours', 'Haute', '2025-12-07', '2025-12-13', 54, 30.77),
(493, 11, 12, 'Risquer tout poitrine exemple.', 'À faire', 'Moyenne', '2025-06-14', '2025-07-11', 75, NULL),
(494, 62, 2, 'Doute réponse vue parce que.', 'En revue', 'Haute', '2024-09-06', '2024-09-18', 56, NULL),
(495, 49, 1, 'Témoin pas éviter rappeler vol.', 'À faire', 'Moyenne', '2025-01-18', '2025-01-27', 38, NULL),
(496, 20, 1, 'Réflexion gauche habitude plein quarante fuir saint.', 'En revue', 'Moyenne', '2025-03-17', '2025-03-31', 23, NULL),
(497, 6, 6, 'Effacer chaise curieux personnage.', 'En revue', 'Moyenne', '2025-11-27', '2025-12-05', 46, NULL),
(498, 26, 16, 'Exécuter montrer paquet d''autres bande officier quart.', 'Terminée', 'Haute', '2024-09-17', '2024-09-20', 24, 21.76),
(499, 93, 18, 'Corde puissant visite hauteur endormir drame pied courir.', 'Terminée', 'Haute', '2025-07-16', '2025-07-28', 70, 80.2),
(500, 25, 20, 'Répandre quel difficile.', 'En cours', 'Moyenne', '2025-02-27', '2025-03-03', 66, 39.94),
(501, 32, 17, 'Histoire objet fumer second durant troisième.', 'En cours', 'Basse', '2025-11-28', '2025-11-30', 8, 1.69),
(502, 25, 9, 'Animal colère mot servir.', 'Terminée', 'Haute', '2025-05-17', '2025-06-10', 21, 20.35),
(503, 32, 16, 'Manger debout front courage propre morceau.', 'En cours', 'Moyenne', '2024-04-12', '2024-04-15', 35, 14.72),
(504, 13, 4, 'Eau durer écrire imposer coin pourtant mon.', 'En revue', 'Moyenne', '2025-08-12', '2025-08-23', 27, NULL),
(505, 36, 12, 'Mer croire obliger page sentiment.', 'En revue', 'Basse', '2024-04-17', '2024-04-20', 49, NULL),
(506, 48, 17, 'Immense compte trace objet secrétaire vert durant.', 'À faire', 'Moyenne', '2024-11-06', '2024-11-27', 47, NULL),
(507, 12, 2, 'Prière pays silencieux dessiner moitié cheval consentir.', 'En revue', 'Basse', '2025-09-28', '2025-10-09', 13, NULL),
(508, 28, 10, 'Inconnu social important troubler passé guerre nouveau.', 'En cours', 'Moyenne', '2025-09-30', '2025-10-28', 71, 56.41),
(509, 21, 19, 'Couper couleur train printemps plan monde nerveux.', 'Terminée', 'Moyenne', '2025-09-09', '2025-09-18', 48, 46.65),
(510, 95, 3, 'Léger discussion regarder retour causer dix accuser.', 'En revue', 'Haute', '2024-06-15', '2024-06-25', 13, NULL),
(511, 38, 11, 'Toi suivant ensemble chose chaque.', 'Terminée', 'Basse', '2024-12-15', '2024-12-30', 71, 72.05),
(512, 91, 4, 'Se ville noire arrêter accorder.', 'À faire', 'Moyenne', '2025-08-15', '2025-08-24', 36, NULL),
(513, 37, 12, 'Pouvoir combat pousser réserver mois.', 'En revue', 'Basse', '2025-12-07', '2025-12-17', 34, NULL),
(514, 60, 12, 'Cas supérieur volonté.', 'En cours', 'Moyenne', '2024-02-04', '2024-02-20', 41, 9.96),
(515, 78, 7, 'Or couler particulier absolu.', 'En revue', 'Basse', '2024-06-02', '2024-06-11', 41, NULL),
(516, 7, 2, 'Moment tout permettre mois journée.', 'Terminée', 'Haute', '2025-12-09', '2025-12-29', 40, 39.47),
(517, 30, 3, 'Nation queue tête autre combat.', 'En cours', 'Basse', '2024-09-09', '2024-09-17', 66, 36.02),
(518, 54, 19, 'Paysan chance oeil rire signifier.', 'En cours', 'Moyenne', '2024-09-22', '2024-09-27', 19, 14.55),
(519, 91, 11, 'Rassurer île arriver nuit titre voir.', 'En revue', 'Moyenne', '2025-11-10', '2025-12-10', 44, NULL),
(520, 50, 3, 'Rejoindre sac sortir témoin.', 'En cours', 'Basse', '2025-11-24', '2025-12-11', 59, 7.1),
(521, 56, 8, 'Fait ensemble tâche honte soutenir lutter user.', 'En revue', 'Basse', '2025-09-05', '2025-09-12', 24, NULL),
(522, 99, 10, 'Rire qualité remplacer anglais rester expression bureau.', 'En cours', 'Basse', '2025-10-02', '2025-10-07', 80, 62.46),
(523, 50, 10, 'Figurer terme pied descendre.', 'À faire', 'Basse', '2025-09-24', '2025-09-30', 38, NULL),
(524, 3, 5, 'Juger haute cri salut pied préparer.', 'En revue', 'Basse', '2025-11-08', '2025-11-16', 49, NULL),
(525, 78, 9, 'Monter compte surprendre terminer commencer siège répéter dur.', 'À faire', 'Moyenne', '2025-11-08', '2025-11-10', 72, NULL),
(526, 44, 6, 'Plein lieu vouloir mentir ordre prendre forcer joli.', 'Terminée', 'Haute', '2025-11-23', '2025-11-25', 45, 48.79),
(527, 71, 13, 'Disposer ramasser se réel.', 'À faire', 'Basse', '2025-04-04', '2025-04-09', 17, NULL),
(528, 69, 1, 'Animal extraordinaire miser seconde branche charge un.', 'À faire', 'Moyenne', '2025-08-19', '2025-08-23', 47, NULL),
(529, 4, 8, 'Après si avant temps payer folie désespoir.', 'En cours', 'Moyenne', '2025-10-20', '2025-11-03', 39, 9.86),
(530, 4, 6, 'Rejeter bande peur.', 'En cours', 'Moyenne', '2025-11-13', '2025-11-23', 55, 25.75),
(531, 34, 19, 'Fortune calme mur moindre spectacle.', 'En revue', 'Haute', '2025-07-17', '2025-08-14', 64, NULL),
(532, 58, 2, 'Tête déposer remplacer affaire éviter pauvre horizon proposer.', 'En cours', 'Basse', '2025-03-18', '2025-04-11', 63, 22.84),
(533, 56, 11, 'Plutôt parti parfois profondément devant quelque courant jeunesse.', 'Terminée', 'Haute', '2025-03-19', '2025-04-07', 76, 95.52),
(534, 27, 17, 'Ceci tracer bleu étranger épaule prix robe.', 'En cours', 'Moyenne', '2024-09-06', '2024-10-05', 29, 20.59),
(535, 70, 8, 'Condamner demeurer trésor roman mort.', 'Terminée', 'Basse', '2025-02-19', '2025-03-15', 75, 73.33),
(536, 6, 6, 'Coup peine choisir tirer poids art.', 'En revue', 'Basse', '2025-11-08', '2025-11-22', 17, NULL),
(537, 95, 17, 'Tracer vite soumettre cas.', 'Terminée', 'Moyenne', '2025-09-16', '2025-09-22', 69, 70.64),
(538, 52, 14, 'Lire sommeil train membre place sol vue.', 'Terminée', 'Basse', '2025-08-20', '2025-09-14', 59, 50.38),
(539, 71, 18, 'Miser toute enfoncer.', 'À faire', 'Moyenne', '2024-06-14', '2024-07-06', 6, NULL),
(540, 73, 13, 'Vingt espoir jeune vol plaindre entendre ça.', 'En revue', 'Basse', '2025-12-05', '2025-12-27', 9, NULL),
(541, 21, 17, 'Paysan anglais peine genou représenter tranquille.', 'En revue', 'Haute', '2024-12-27', '2025-01-08', 74, NULL),
(542, 9, 14, 'François loi banc religion tout livre remplir.', 'À faire', 'Basse', '2025-11-28', '2025-12-11', 53, NULL),
(543, 44, 20, 'Cinq sembler occasion sable passer suivant cacher gauche.', 'En revue', 'Moyenne', '2025-11-01', '2025-11-10', 50, NULL),
(544, 51, 16, 'Signe passer triste colline.', 'En revue', 'Basse', '2025-08-26', '2025-09-02', 9, NULL),
(545, 90, 5, 'Bataille saisir abattre glace repas inutile jeu répéter.', 'En revue', 'Basse', '2025-11-26', '2025-12-10', 54, NULL),
(546, 17, 11, 'Certes subir peine moi.', 'En revue', 'Haute', '2024-09-02', '2024-09-17', 35, NULL),
(547, 16, 18, 'Nord plonger jouer visage portier recherche distinguer.', 'À faire', 'Basse', '2025-06-16', '2025-06-26', 47, NULL),
(548, 6, 13, 'Tout chanter cou arriver promener appel.', 'En cours', 'Moyenne', '2025-12-03', '2025-12-20', 47, 9.54),
(549, 49, 8, 'Fois soi en pareil.', 'En revue', 'Haute', '2025-03-01', '2025-03-05', 57, NULL),
(550, 43, 15, 'Comme commencement continuer sorte vert est.', 'En cours', 'Moyenne', '2025-10-09', '2025-10-20', 4, 1.72);

-- 1. Performance des Développeurs (Efficacité et Coût)
-- Objectif : Calculer le taux d'efficacité moyen (Heures Réelles / Heures Estimées) 
-- par développeur et par niveau, et le coût total des heures réelles facturées sur les projets terminés.
SELECT
    D.NomDev,
    D.Niveau,
    CAST(SUM(T.HeuresReelles) AS REAL) / NULLIF(SUM(T.HeuresEstimees), 0) AS TauxEfficaciteMoyen,
    SUM(T.HeuresReelles * D.TauxHoraire) AS CoutTotalHeuresReelles
FROM
    Taches T
JOIN
    Developpeurs D ON T.DevID = D.DevID
JOIN
    Projets P ON T.ProjetID = P.ProjetID
WHERE
    P.StatutProjet = 'Terminé' -- Filtrer sur les projets terminés
    AND T.StatutTache = 'Terminée' -- Filtrer sur les tâches terminées
GROUP BY
    D.NomDev,
    D.Niveau
ORDER BY
    TauxEfficaciteMoyen DESC;

-- 2. Analyse des Délais de Projets
-- Objectif : Calculer l'écart de délai (en jours) pour les projets terminés et le délai moyen global.

SELECT
    ProjetID,
    NomProjet,
    DateFinPrevue,
    DateFinReelle,
    -- Calcul de l'écart de délai en jours (positif = retard, négatif = avance)
    -- NOTE : La fonction DATEDIFF varie selon le SGBD (ex: DATEDIFF(day, DateFinPrevue, DateFinReelle) pour SQL Server)
    (DateFinReelle - DateFinPrevue) AS EcartDelaiJours
FROM
    Projets
WHERE
    StatutProjet = 'Terminé'
ORDER BY
    EcartDelaiJours DESC;

-- Requête 2b : Délai moyen des projets terminés
SELECT
    AVG(DateFinReelle - DateFinPrevue) AS DelaiMoyenJours
FROM
    Projets
WHERE
    StatutProjet = 'Terminé';

-- 3. Rentabilité par Client et Secteur
-- Objectif : Calculer le budget réel total et le CA cumulé par secteur, et identifier les 5 clients les plus rentables (où BudgetReel > BudgetEstime). SQL

-- Requête 3a : Budget réel total et CA cumulé par Secteur d'Activité
SELECT
    C.SecteurActivite,
    SUM(P.BudgetReel) AS BudgetReelTotal,
    SUM(C.CA_Cumule) AS CACumuleTotal
FROM
    Clients C
LEFT JOIN
    Projets P ON C.ClientID = P.ClientID
GROUP BY
    C.SecteurActivite
ORDER BY
    BudgetReelTotal DESC;

-- Requête 3b : Les 5 clients les plus rentables (Budget Réel > Budget Estimé)
SELECT
    C.NomClient,
    SUM(P.BudgetReel) AS BudgetReelTotal,
    SUM(P.BudgetEstime) AS BudgetEstimeTotal,
    SUM(P.BudgetReel) - SUM(P.BudgetEstime) AS MargePositive
FROM
    Projets P
JOIN
    Clients C ON P.ClientID = C.ClientID
WHERE
    P.StatutProjet = 'Terminé' -- On ne compare que les projets terminés
GROUP BY
    C.NomClient
HAVING
    SUM(P.BudgetReel) > SUM(P.BudgetEstime)
ORDER BY
    MargePositive DESC
LIMIT 5;

-- 4. Répartition de la Charge de Travail
-- Objectif : Calculer la charge de travail totale (Heures Estimées) par équipe et spécialité, et identifier les développeurs surchargés en tâches "À faire".

-- Requête 4a : Charge de travail totale par Équipe et Spécialité
SELECT
    D.Equipe,
    D.Specialite,
    SUM(T.HeuresEstimees) AS ChargeTravailTotale
FROM
    Taches T
JOIN
    Developpeurs D ON T.DevID = D.DevID
GROUP BY
    D.Equipe,
    D.Specialite
ORDER BY
    ChargeTravailTotale DESC;

-- Requête 4b : Développeurs avec une charge de travail "À faire" supérieure à la moyenne
WITH ChargeAFaire AS (
    SELECT
        DevID,
        SUM(HeuresEstimees) AS HeuresAFaire
    FROM
        Taches
    WHERE
        StatutTache = 'À faire'
    GROUP BY
        DevID
)
SELECT
    D.NomDev,
    C.HeuresAFaire
FROM
    ChargeAFaire C
JOIN
    Developpeurs D ON C.DevID = D.DevID
WHERE
    C.HeuresAFaire > (SELECT AVG(HeuresAFaire) FROM ChargeAFaire)
ORDER BY
    C.HeuresAFaire DESC;

-- 5. Suivi des Tâches Critiques
-- Objectif : Calculer le pourcentage de tâches à priorité 'Haute' qui sont en retard.

-- NOTE : Remplacer 'CURRENT_DATE' par la fonction de date actuelle de votre SGBD (ex: GETDATE() pour SQL Server, NOW() pour PostgreSQL).
SELECT
    CAST(SUM(CASE WHEN T.StatutTache IN ('À faire', 'En cours') AND T.DateEcheance < CURRENT_DATE THEN 1 ELSE 0 END) AS REAL) * 100
    /
    COUNT(T.TacheID) AS PourcentageTachesHautePrioriteEnRetard
FROM
    Taches T
WHERE
    T.Priorite = 'Haute';


Select NomProjet, BudgetEstime   from projets
where TechnologiePrincipale = "Python/Django";
